/*
SQLyog Ultimate v11.24 (32 bit)
MySQL - 5.7.16-log : Database - java7book
*********************************************************************
*/

/*!40101 SET NAMES utf8 */;

/*!40101 SET SQL_MODE=''*/;

/*!40014 SET @OLD_UNIQUE_CHECKS=@@UNIQUE_CHECKS, UNIQUE_CHECKS=0 */;
/*!40014 SET @OLD_FOREIGN_KEY_CHECKS=@@FOREIGN_KEY_CHECKS, FOREIGN_KEY_CHECKS=0 */;
/*!40101 SET @OLD_SQL_MODE=@@SQL_MODE, SQL_MODE='NO_AUTO_VALUE_ON_ZERO' */;
/*!40111 SET @OLD_SQL_NOTES=@@SQL_NOTES, SQL_NOTES=0 */;
CREATE DATABASE /*!32312 IF NOT EXISTS*/`java7book` /*!40100 DEFAULT CHARACTER SET utf8 */;

USE `java7book`;

/*Table structure for table `book` */

DROP TABLE IF EXISTS `book`;

CREATE TABLE `book` (
  `id` smallint(6) NOT NULL AUTO_INCREMENT,
  PRIMARY KEY (`id`)
) ENGINE=InnoDB DEFAULT CHARSET=utf8;

/*Data for the table `book` */

/*Table structure for table `goodstype_childrenset7` */

DROP TABLE IF EXISTS `goodstype_childrenset7`;

CREATE TABLE `goodstype_childrenset7` (
  `joinColumn_children` bigint(20) NOT NULL,
  `goodsType_childrenSet_id` bigint(20) NOT NULL,
  PRIMARY KEY (`joinColumn_children`,`goodsType_childrenSet_id`),
  UNIQUE KEY `UK_a3wwe9vgjto2kxkb60o2jfe7w` (`goodsType_childrenSet_id`),
  CONSTRAINT `FK_a3wwe9vgjto2kxkb60o2jfe7w` FOREIGN KEY (`goodsType_childrenSet_id`) REFERENCES `qin_goodstype7` (`id`),
  CONSTRAINT `FK_r75cyd6qkj3lki1kkcj9vj9eq` FOREIGN KEY (`joinColumn_children`) REFERENCES `qin_goodstype7` (`id`)
) ENGINE=InnoDB DEFAULT CHARSET=utf8;

/*Data for the table `goodstype_childrenset7` */

insert  into `goodstype_childrenset7`(`joinColumn_children`,`goodsType_childrenSet_id`) values (1,16),(1,17),(1,18),(1,19),(1,20),(1,21),(1,22),(1,23),(1,24),(1,25),(2,26),(2,27),(2,28),(2,29),(2,30),(2,31),(2,32),(2,33),(3,34),(3,35),(3,36),(3,37),(3,38),(3,39),(3,40),(3,41),(4,42),(4,43),(4,44),(4,45),(4,46),(4,47),(4,48),(5,49),(5,50),(5,51),(5,52),(5,53),(6,54),(6,55),(6,56),(6,57),(6,58),(6,59),(6,60),(6,61),(7,62),(7,63),(7,64),(7,65),(7,66),(7,67),(7,68),(7,69),(7,70),(7,71),(8,72),(8,73),(8,74),(8,75),(8,76),(8,77),(8,78),(8,79),(8,80),(8,81),(9,82),(9,83),(9,84),(9,85),(9,86),(9,87),(9,88),(9,89),(9,90),(9,91),(10,92),(10,93),(10,94),(10,95),(10,96),(10,97),(10,98),(10,99),(10,100),(10,101),(11,102),(11,103),(11,104),(11,105),(11,106),(11,107),(11,108),(11,109),(11,110),(11,111),(11,112),(11,113),(12,114),(12,115),(12,116),(12,117),(12,118),(12,119),(12,120),(13,121),(13,122),(13,123),(13,124),(13,125),(13,126),(13,127),(13,128),(13,129),(13,130),(13,131),(14,132),(14,133),(14,134),(14,135),(14,136),(14,137),(14,138),(14,139),(14,140),(14,141),(14,142),(15,143),(15,144),(15,145),(15,146),(15,147),(15,148),(23,319),(23,320),(23,321),(23,322),(23,323),(23,324),(23,325),(23,326),(23,327),(23,328),(23,329),(23,330),(23,331),(19,332),(19,333),(19,334),(19,335),(19,336),(19,337),(19,338),(20,339),(20,340),(20,341),(20,342),(20,343),(20,344),(20,345),(20,346),(21,347),(21,348),(21,349),(21,350),(21,351),(21,352),(21,353),(21,354),(21,355),(21,356),(21,357),(21,358),(21,359),(21,360),(21,361),(21,362),(21,363),(21,364),(21,365),(21,366),(21,367),(24,368),(24,369),(24,370),(24,371),(18,372),(18,373),(18,374),(18,375),(22,376),(22,377),(22,378),(22,379),(22,380),(22,381),(22,382),(22,383),(22,384),(22,385),(22,386),(22,387),(22,388),(22,389),(22,390),(22,391),(22,392),(22,393),(16,394),(16,395),(16,396),(17,397),(17,398),(17,399),(17,400),(26,553),(26,554),(26,555),(26,556),(27,557),(27,558),(27,559),(27,560),(27,561),(27,562),(27,563),(27,564),(27,565),(27,566),(28,567),(28,568),(28,569),(28,570),(28,571),(28,572),(28,573),(28,574),(28,575),(28,576),(28,577),(28,578),(28,579),(28,580),(28,581),(29,582),(29,583),(29,584),(29,585),(29,586),(29,587),(29,588),(29,589),(29,590),(29,591),(29,592),(30,593),(30,594),(30,595),(30,596),(30,597),(30,598),(30,599),(30,600),(30,601),(30,602),(30,603),(31,604),(31,605),(31,606),(31,607),(31,608),(31,609),(31,610),(32,611),(32,612),(32,613),(32,614),(32,615),(32,616),(32,617),(32,618),(32,619),(32,620),(32,621),(33,622),(33,623),(33,624),(33,625),(33,626),(33,627),(33,628),(34,794),(34,795),(34,796),(34,797),(34,798),(34,799),(34,800),(34,801),(35,802),(35,803),(35,804),(35,805),(35,806),(35,807),(35,808),(35,809),(35,810),(35,811),(35,812),(35,813),(35,814),(35,815),(36,816),(36,817),(36,818),(36,819),(36,820),(36,821),(36,822),(36,823),(36,824),(36,825),(36,826),(36,827),(36,828),(36,829),(36,830),(37,831),(37,832),(37,833),(37,834),(37,835),(38,836),(38,837),(38,838),(38,839),(38,840),(38,841),(38,842),(39,843),(39,844),(39,845),(39,846),(39,847),(39,848),(39,849),(39,850),(39,851),(39,852),(39,853),(39,854),(39,855),(39,856),(39,857),(39,858),(39,859),(40,860),(40,861),(40,862),(40,863),(40,864),(40,865),(40,866),(40,867),(40,868),(40,869),(40,870),(40,871),(40,872),(41,873),(41,874),(41,875),(41,876),(42,1053),(42,1054),(42,1055),(42,1056),(42,1057),(42,1058),(43,1059),(43,1060),(43,1061),(43,1062),(43,1063),(43,1064),(43,1065),(43,1066),(43,1067),(43,1068),(43,1069),(43,1070),(43,1071),(44,1072),(44,1073),(44,1074),(44,1075),(44,1076),(44,1077),(44,1078),(45,1079),(45,1080),(45,1081),(45,1082),(45,1083),(45,1084),(45,1085),(45,1086),(45,1087),(45,1088),(45,1089),(45,1090),(45,1091),(45,1092),(45,1093),(45,1094),(46,1095),(46,1096),(46,1097),(46,1098),(46,1099),(46,1100),(46,1101),(46,1102),(46,1103),(46,1104),(46,1105),(47,1106),(47,1107),(47,1108),(47,1109),(47,1110),(47,1111),(47,1112),(47,1113),(47,1114),(47,1115),(47,1116),(47,1117),(47,1118),(47,1119),(47,1120),(47,1121),(47,1122),(47,1123),(48,1124),(48,1125),(48,1126),(48,1127),(48,1128),(48,1129),(48,1130),(48,1131),(48,1132),(48,1133),(48,1134),(48,1135),(48,1136),(48,1137),(48,1138),(48,1139),(49,1598),(49,1599),(49,1600),(49,1601),(49,1602),(49,1603),(49,1604),(49,1605),(49,1606),(49,1607),(49,1608),(49,1609),(49,1610),(49,1611),(49,1612),(49,1613),(49,1614),(49,1615),(49,1616),(49,1617),(49,1618),(49,1619),(49,1620),(49,1621),(49,1622),(49,1623),(49,1624),(49,1625),(49,1626),(49,1627),(49,1628),(49,1629),(49,1630),(49,1631),(50,1662),(50,1663),(50,1664),(50,1665),(50,1666),(50,1667),(50,1668),(50,1669),(50,1670),(50,1671),(50,1672),(50,1673),(50,1674),(50,1675),(50,1676),(50,1677),(50,1678),(50,1679),(50,1680),(50,1681),(50,1682),(50,1683),(50,1684),(50,1685),(50,1686),(50,1687),(50,1688),(50,1689),(50,1690),(51,1705),(51,1706),(51,1707),(51,1708),(51,1709),(51,1710),(51,1711),(51,1712),(51,1713),(51,1714),(51,1715),(51,1716),(51,1717),(51,1718),(51,1719),(51,1720),(51,1721),(51,1722),(51,1723),(51,1724),(51,1725),(51,1726),(52,1727),(52,1728),(52,1729),(52,1730),(52,1731),(52,1732),(52,1733),(52,1734),(52,1735),(52,1736),(52,1737),(52,1738),(52,1739),(52,1740),(52,1741),(52,1742),(52,1743),(52,1744),(52,1745),(52,1746),(52,1747),(52,1748),(52,1749),(52,1750),(52,1751),(53,1752),(53,1753),(53,1754),(53,1755),(53,1756),(53,1757),(53,1758),(53,1759),(53,1760),(53,1761),(53,1762),(53,1763),(53,1764),(53,1765),(53,1766),(54,1901),(54,1902),(54,1903),(54,1904),(54,1905),(54,1906),(54,1907),(54,1908),(54,1909),(54,1910),(55,1918),(55,1919),(55,1920),(55,1921),(55,1922),(55,1923),(55,1924),(56,1941),(56,1942),(56,1943),(56,1944),(56,1945),(56,1946),(56,1947),(56,1948),(57,1949),(57,1950),(57,1951),(57,1952),(58,1953),(58,1954),(58,1955),(58,1956),(59,1957),(59,1958),(59,1959),(59,1960),(59,1961),(59,1962),(59,1963),(59,1964),(59,1965),(59,1966),(59,1967),(59,1968),(60,1972),(60,1973),(60,1974),(60,1975),(60,1976),(60,1977),(60,1978),(61,1979),(61,1980),(61,1981),(61,1982),(61,1983),(61,1984),(61,1985),(61,1986),(61,1987),(61,1988),(61,1989),(62,2482),(62,2483),(62,2484),(62,2485),(62,2486),(62,2487),(62,2488),(62,2489),(62,2490),(62,2491),(62,2492),(62,2493),(62,2494),(62,2495),(62,2496),(62,2497),(62,2498),(62,2499),(62,2500),(62,2501),(63,2502),(63,2503),(63,2504),(63,2505),(63,2506),(63,2507),(63,2508),(63,2509),(63,2510),(63,2511),(63,2512),(63,2513),(63,2514),(63,2515),(64,2516),(64,2517),(64,2518),(64,2519),(64,2520),(64,2521),(64,2522),(64,2523),(64,2524),(64,2525),(64,2526),(64,2527),(64,2528),(64,2529),(65,2530),(65,2531),(65,2532),(65,2533),(65,2534),(65,2535),(65,2536),(66,2537),(66,2538),(66,2539),(66,2540),(66,2541),(66,2542),(66,2543),(66,2544),(66,2545),(66,2546),(66,2547),(67,2548),(67,2549),(67,2550),(67,2551),(67,2552),(67,2553),(67,2554),(67,2555),(67,2556),(68,2557),(68,2558),(68,2559),(68,2560),(68,2561),(68,2562),(68,2563),(68,2564),(68,2565),(68,2566),(68,2567),(69,2568),(69,2569),(69,2570),(69,2571),(69,2572),(69,2573),(69,2574),(69,2575),(69,2576),(69,2577),(69,2578),(69,2579),(69,2580),(69,2581),(69,2582),(69,2583),(69,2584),(70,2585),(70,2586),(70,2587),(70,2588),(70,2589),(70,2590),(70,2591),(70,2592),(70,2593),(70,2594),(70,2595),(70,2596),(71,2597),(71,2598),(71,2599),(71,2600),(72,3487),(72,3488),(72,3489),(72,3490),(72,3491),(72,3492),(72,3493),(72,3494),(72,3495),(72,3496),(72,3497),(73,3498),(73,3499),(73,3500),(73,3501),(73,3502),(73,3503),(73,3504),(73,3505),(73,3506),(73,3507),(73,3508),(73,3509),(73,3510),(74,3511),(74,3512),(74,3513),(74,3514),(74,3515),(74,3516),(74,3517),(74,3518),(74,3519),(74,3520),(74,3521),(74,3522),(74,3523),(75,3524),(75,3525),(75,3526),(75,3527),(75,3528),(75,3529),(75,3530),(76,3531),(76,3532),(76,3533),(76,3534),(76,3535),(76,3536),(76,3537),(76,3538),(76,3539),(76,3540),(76,3541),(77,3542),(77,3543),(77,3544),(77,3545),(77,3546),(77,3547),(77,3548),(77,3549),(77,3550),(77,3551),(77,3552),(77,3553),(77,3554),(77,3555),(77,3556),(77,3557),(77,3558),(77,3559),(77,3560),(78,3561),(78,3562),(78,3563),(78,3564),(78,3565),(78,3566),(78,3567),(78,3568),(78,3569),(78,3570),(78,3571),(78,3572),(78,3573),(78,3574),(78,3575),(78,3576),(78,3577),(78,3578),(79,3585),(79,3586),(79,3587),(79,3588),(79,3589),(80,3597),(80,3598),(80,3599),(80,3600),(80,3601),(80,3602),(80,3603),(81,3612),(81,3613),(81,3614),(81,3615),(81,3616),(81,3617),(81,3618),(81,3619),(81,3620),(81,3621),(81,3622),(82,3870),(82,3871),(82,3872),(82,3873),(82,3874),(82,3875),(82,3876),(82,3877),(82,3878),(83,3879),(83,3880),(83,3881),(83,3882),(83,3883),(83,3884),(83,3885),(84,3886),(84,3887),(84,3888),(84,3889),(84,3890),(84,3891),(84,3892),(85,3893),(85,3894),(85,3895),(85,3896),(85,3897),(85,3898),(85,3899),(85,3900),(85,3901),(85,3902),(85,3903),(85,3904),(85,3905),(85,3906),(85,3907),(85,3908),(85,3909),(85,3910),(85,3911),(85,3912),(85,3913),(86,3914),(86,3915),(86,3916),(86,3917),(86,3918),(86,3919),(86,3920),(86,3921),(86,3922),(86,3923),(86,3924),(86,3925),(86,3926),(86,3927),(86,3928),(86,3929),(86,3930),(87,3931),(87,3932),(87,3933),(87,3934),(87,3935),(87,3936),(87,3937),(87,3938),(87,3939),(88,3940),(88,3941),(88,3942),(88,3943),(88,3944),(88,3945),(88,3946),(88,3947),(88,3948),(88,3949),(88,3950),(88,3951),(88,3952),(89,3953),(89,3954),(89,3955),(89,3956),(89,3957),(89,3958),(89,3959),(89,3960),(89,3961),(89,3962),(90,3963),(90,3964),(90,3965),(90,3966),(90,3967),(90,3968),(90,3969),(90,3970),(91,3971),(91,3972),(91,3973),(91,3974),(91,3975),(91,3976),(91,3977),(92,4189),(92,4190),(92,4191),(92,4192),(92,4193),(92,4194),(92,4195),(93,4196),(93,4197),(93,4198),(93,4199),(93,4200),(93,4201),(93,4202),(93,4203),(94,4204),(94,4205),(94,4206),(94,4207),(94,4208),(94,4209),(94,4210),(94,4211),(94,4212),(95,4213),(95,4214),(95,4215),(95,4216),(95,4217),(95,4218),(95,4219),(95,4220),(95,4221),(96,4222),(96,4223),(96,4224),(96,4225),(96,4226),(96,4227),(96,4228),(96,4229),(96,4230),(97,4231),(97,4232),(97,4233),(97,4234),(97,4235),(97,4236),(97,4237),(97,4238),(98,4239),(98,4240),(98,4241),(98,4242),(98,4243),(98,4244),(98,4245),(98,4246),(98,4247),(99,4248),(99,4249),(99,4250),(99,4251),(99,4252),(99,4253),(99,4254),(99,4255),(99,4256),(99,4257),(99,4258),(100,4259),(100,4260),(100,4261),(100,4262),(100,4263),(100,4264),(100,4265),(100,4266),(100,4267),(100,4268),(100,4269),(101,4270),(101,4271),(101,4272),(101,4273),(101,4274),(101,4275),(101,4276),(102,4701),(102,4702),(102,4703),(102,4704),(102,4705),(102,4706),(102,4707),(102,4708),(102,4709),(102,4710),(102,4711),(102,4712),(103,4713),(103,4714),(103,4715),(103,4716),(103,4717),(103,4718),(103,4719),(103,4720),(103,4721),(103,4722),(103,4723),(103,4724),(104,4725),(104,4726),(104,4727),(104,4728),(104,4729),(104,4730),(104,4731),(104,4732),(104,4733),(104,4734),(104,4735),(104,4736),(104,4737),(105,4738),(105,4739),(105,4740),(105,4741),(105,4742),(105,4743),(105,4744),(105,4745),(105,4746),(106,4747),(106,4748),(106,4749),(106,4750),(106,4751),(106,4752),(106,4753),(106,4754),(107,4755),(107,4756),(107,4757),(107,4758),(107,4759),(107,4760),(108,4761),(108,4762),(108,4763),(108,4764),(108,4765),(108,4766),(109,4781),(109,4782),(109,4783),(109,4784),(109,4785),(109,4786),(109,4787),(109,4788),(109,4789),(110,4790),(110,4791),(110,4792),(110,4793),(110,4794),(110,4795),(110,4796),(110,4797),(110,4798),(110,4799),(111,4800),(111,4801),(111,4802),(111,4803),(111,4804),(111,4805),(111,4806),(111,4807),(111,4808),(111,4809),(111,4810),(111,4811),(112,4812),(112,4813),(112,4814),(112,4815),(112,4816),(112,4817),(113,4818),(113,4819),(113,4820),(113,4821),(113,4822),(113,4823),(113,4824),(114,4875),(114,4876),(114,4877),(114,4878),(114,4879),(114,4880),(114,4881),(114,4882),(114,4883),(114,4884),(114,4885),(114,4886),(114,4887),(114,4888),(114,4889),(115,4890),(115,4891),(115,4892),(115,4893),(115,4894),(115,4895),(115,4896),(115,4897),(115,4898),(115,4899),(115,4900),(115,4901),(115,4902),(116,4903),(116,4904),(116,4905),(116,4906),(116,4907),(116,4908),(116,4909),(116,4910),(116,4911),(116,4912),(116,4913),(116,4914),(116,4915),(116,4916),(116,4917),(116,4918),(116,4919),(117,4920),(117,4921),(117,4922),(117,4923),(117,4924),(117,4925),(117,4926),(117,4927),(117,4928),(117,4929),(117,4930),(117,4931),(117,4932),(117,4933),(117,4934),(117,4935),(118,4936),(118,4937),(118,4938),(118,4939),(118,4940),(118,4941),(118,4942),(119,4943),(119,4944),(119,4945),(119,4946),(119,4947),(119,4948),(119,4949),(119,4950),(119,4951),(119,4952),(119,4953),(119,4954),(119,4955),(119,4956),(119,4957),(119,4958),(119,4959),(120,4960),(120,4961),(120,4962),(120,4963),(120,4964),(120,4965),(120,4966),(120,4967),(120,4968),(121,5253),(121,5254),(121,5255),(121,5256),(121,5257),(122,5258),(122,5259),(122,5260),(122,5261),(122,5262),(122,5263),(122,5264),(122,5265),(122,5266),(122,5267),(123,5268),(123,5269),(123,5270),(123,5271),(123,5272),(124,5273),(124,5274),(124,5275),(124,5276),(124,5277),(124,5278),(124,5279),(124,5280),(124,5281),(124,5282),(125,5283),(125,5284),(125,5285),(125,5286),(126,5287),(126,5288),(126,5289),(126,5290),(126,5291),(126,5292),(126,5293),(126,5294),(127,5295),(127,5296),(127,5297),(127,5298),(127,5299),(127,5300),(127,5301),(127,5302),(127,5303),(127,5304),(128,5305),(128,5306),(128,5307),(128,5308),(128,5309),(128,5310),(128,5311),(128,5312),(129,5313),(129,5314),(129,5315),(130,5324),(130,5325),(130,5326),(130,5327),(130,5328),(130,5329),(130,5330),(130,5331),(130,5332),(131,5333),(131,5334),(131,5335),(131,5336),(131,5337),(131,5338),(143,5339),(143,5340),(143,5341),(143,5342),(143,5343),(143,5344),(144,5345),(144,5346),(144,5347),(144,5348),(144,5349),(145,5350),(146,5351),(146,5352),(146,5353),(146,5354),(146,5355),(146,5356),(146,5357),(147,5358),(148,5359),(148,5360),(148,5361),(148,5362);

/*Table structure for table `goodstype_goodsset7` */

DROP TABLE IF EXISTS `goodstype_goodsset7`;

CREATE TABLE `goodstype_goodsset7` (
  `joinColumn_goodsSet` bigint(20) NOT NULL,
  `goodsTypeSet_id` bigint(20) NOT NULL,
  PRIMARY KEY (`joinColumn_goodsSet`,`goodsTypeSet_id`),
  UNIQUE KEY `UK_llhrvrd7lo6seer6c9hkx8tkq` (`goodsTypeSet_id`),
  CONSTRAINT `FK_atoyjvbak67e1in9dxbugw5mt` FOREIGN KEY (`joinColumn_goodsSet`) REFERENCES `qin_goodstype7` (`id`),
  CONSTRAINT `FK_llhrvrd7lo6seer6c9hkx8tkq` FOREIGN KEY (`goodsTypeSet_id`) REFERENCES `qin_goods7` (`id`)
) ENGINE=InnoDB DEFAULT CHARSET=utf8;

/*Data for the table `goodstype_goodsset7` */

/*Table structure for table `qin_goods7` */

DROP TABLE IF EXISTS `qin_goods7`;

CREATE TABLE `qin_goods7` (
  `id` bigint(20) NOT NULL AUTO_INCREMENT,
  `goodsAddDate` date DEFAULT NULL,
  `goodsAmount` bigint(20) DEFAULT NULL,
  `goodsDetails` varchar(20000) DEFAULT NULL,
  `goodsName` varchar(300) DEFAULT NULL,
  `goodsPrice` double DEFAULT NULL,
  `joinColumn_goods_goodsType` bigint(20) DEFAULT NULL,
  `goodsLevelId` int(11) DEFAULT NULL,
  PRIMARY KEY (`id`),
  KEY `fk_goods_goodsType` (`joinColumn_goods_goodsType`),
  CONSTRAINT `fk_goods_goodsType` FOREIGN KEY (`joinColumn_goods_goodsType`) REFERENCES `qin_goodstype7` (`id`)
) ENGINE=InnoDB AUTO_INCREMENT=26 DEFAULT CHARSET=utf8;

/*Data for the table `qin_goods7` */

insert  into `qin_goods7`(`id`,`goodsAddDate`,`goodsAmount`,`goodsDetails`,`goodsName`,`goodsPrice`,`joinColumn_goods_goodsType`,`goodsLevelId`) values (1,'2010-04-03',20,'飞利浦（PHILIPS）43PFF5071/T3 43英寸 全高清LED十一核智能电视机（黑色）55英寸+十一核, 无理由三年保修149元, 安卓智能电视, 拨打服务热线400-880-0008可上门安装','飞利浦电视机',2099,394,1),(2,'2016-09-05',10,'夏普（SHARP）LCD-70SU860A 70英寸4K高清安卓智能平板液晶电视机主体参数\n产品品牌	夏普（SHARP）\n产品型号	70su860\n产品颜色	黑色\n产品类型	4K超清电视\n能效等级	一级能效\n显示参数\n屏幕尺寸	70英寸\n屏幕分辨率	超高清4K（3840x2160）\nHDR显示	支持\n屏幕比例	16:9\n背光源	LED\n3D显示	不支持\n水平视角（度）	160-180度\n垂直视角（度）	160-180度\n核心参数\n智能电视	是\n音频参数\n多声道功能	环绕声\n扬声器数量	2个\n扬声器类型	辐射方向向后/向下\n输出功率	≥12Hz\n外观设计\n底座配置	内置底座\n端口参数\n光纤音频输出	支持\n模拟RF接口	支持\n功耗参数\n工作电压（v）	220v\n网络参数\n网络连接	支持\n连接方式	无线/网线\n内容服务\n应用商店	支持\n交互设备\n空鼠遥控	支持\n体感遥控	支持\n语音控制	支持\n语音输入	支持\n3D眼镜	无\n互联互通\n多屏互动	支持','夏普安卓液晶电视',14499,16,1),(3,'2010-04-03',10,'奥克斯（AUX）正1.5匹 冷暖 定速 空调挂机(KFR-35GW/HFJ+3)\n【温情暖冬，一“惠”到底】厉害了我的空调，就是这么任性！110000+评论，高好评98%！人气网红爆款，赶紧下单吧！主体\n品牌	奥克斯 AUX\n型号	KFR-35GW/HFJ+3\n颜色	白色\n类别	壁挂式\n功能\n制冷类型	冷暖\n匹数	1.5匹\n定频/变频	定频\n能效等级	3级\n电辅加热	支持\n适用面积(平方米)	15-20\n制冷量(W)	3500\n制冷功率(W)	1064\n制热量(W)	3850\n制热功率(W)	1167\n电辅加热功率(W)	1080\n内机噪音(dB(A)	29-38-41\n外机噪音(dB(A)	51\n定频机能效比	3.29\n循环风量(m3/h)	630\n扫风方式	上下扫风\n产品特色\n自动清洁	支持\n静音设计	不支持\n独立除湿	支持\n除甲醛	支持\n规格\n制冷剂	氟利昂（R22)\n电压/频率（V/HZ）	220/50\n内机尺寸（宽x高x深）mm	850×300×198\n外机尺寸（宽x高x深）mm	785(845)×550×295\n内机重量（kg）	11\n外机重量（kg）	32.5','奥克斯壁挂式空调',1899,397,1),(4,'2009-03-02',10,'西门子（SIEMENS） XQG80-WM10N1C80W 8公斤 变频 滚筒洗衣机 LED显示 触摸控制 低噪音 洗涤分离（银色）主体\n品牌	西门子 Siemens\n型号	WM10N1C80W\n颜色	银色\n类别	滚筒式\n自动化程度	全自动\n显示方式	LED触摸宽屏控制\n开门方式	前开式\n排水方式	上排水\n电机类型	变频电机\n特色功能\n脱水功能	支持\n预约功能	支持\n规格\n节能等级	1级\n洗净比	1.0-1.2\n洗涤容量（kg）	6.1--8.0kg\n脱水容量（kg）	6.1--8.0kg\n脱水转速	1000\n脱水功率（W）	400-550\n箱体材质	渗锌钢板\n内筒材质	不锈钢\n电源规格	220V/50HZ\n产品尺寸（深×宽×高）mm	560*600*850\n产品重量（kg）	66\n','西门子洗衣机',3798,372,1),(5,'2016-07-06',10,'\n西门子（SIEMENS） BCD-610W(KA92NV02TI) 610升 变频风冷无霜 对开门冰箱 LED显示 速冷速冻（白色）西门子（SIEMENS） BCD-610W(KA92NV02TI) 610升 变频风冷无霜 对开门冰箱 LED显示 速冷速冻（白色）西门子（SIEMENS） BCD-610W(KA92NV02TI) 610升 变频风冷无霜 对开门冰箱 LED显示 速冷速冻（白色）西门子（SIEMENS） BCD-610W(KA92NV02TI) 610升 变频风冷无霜 对开门冰箱 LED显示 速冷速冻（白色）西门子（SIEMENS） BCD-610W(KA92NV02TI) 610升 变频风冷无霜 对开门冰箱 LED显示 速冷速冻（白色）西门子（SIEMENS） BCD-610W(KA92NV02TI) 610升 变频风冷无霜 对开门冰箱 LED显示 速冷速冻（白色）西门子（SIEMENS） BCD-610W(KA92NV02TI) 610升 变频风冷无霜 对开门冰箱 LED显示 速冷速冻（白色）西门子（SIEMENS） BCD-610W(KA92NV02TI) 610升 变频风冷无霜 对开门冰箱 LED显示 速冷速冻（白色）西门子（SIEMENS） BCD-610W(KA92NV02TI) 610升 变频风冷无霜 对开门冰箱 LED显示 速冷速冻（白色）\n分享 关注商品举报\n西门子（SIEMENS） BCD-610W(KA92NV02TI) 610升 变频风冷无霜 对开门冰箱 LED显示 速冷速冻（白色）主体\n品牌	西门子 Siemens\n型号	BCD-610W（KA92NV02TI）\n颜色	白色\n类别	对开门\n开门方式	对开门\n显示方式	LED显示\n气候类型	热带（T）-亚热带（ST）--温带（N）－亚热带型（SN）\n功能\n制冷方式	风冷\n控制方式	电脑式\n制冷类型	压缩机制冷\n除霜模式	智能除霜\n定频/变频	变频\n总容积(升)	280以上\n能效等级	2 级\n耗电量(KWh/24h)	1.35\n制冷剂	R600a\n规格\n电压/频率	220V/50HZ\n产品尺寸（深x宽x高）mm	714*912*1756','西门子冰箱',7299,333,1),(6,'2010-02-01',10,'荣耀8 4GB+32GB 全网通4G手机 魅海蓝\n主体\n品牌\n华为（HUAWEI）\n型号\n荣耀8（FRD-AL00）\n入网型号\nFRD-AL00\n上市年份\n2016年\n上市月份\n7月\n基本信息\n机身颜色\n魅海蓝\n机身长度（mm）\n145.5 mm\n机身宽度（mm）\n71.0 mm\n机身厚度（mm）\n7.45 mm\n机身重量（g）\n约153g（含电池）\n运营商标志或内容\n其他\n机身材质分类\n其他\n操作系统\n操作系统\nAndroid\n操作系统版本\nAndroid 6.0\n主芯片\nCPU品牌\n海思（Hisilicon）\nCPU频率\n4*Cortex A72 2.3GHz + 4*Cortex A53 1.8GHz + 微智核I5\nCPU核数\n八核\nCPU型号\n麒麟950\nGPU型号\nMali T880\n网络支持\n双卡机类型\n双卡双待双通\n最大支持SIM卡数量\n2个\nSIM卡类型\n其他\n4G网络\n4G：移动（TD-LTE)；4G：联通(FDD-LTE)；4G：电信(FDD-LTE)\n3G/2G网络\n3G：移动(TD-SCDMA)；3G：联通(WCDMA)；3G：电信(CDMA2000)；2G：移动（GSM）+联通(GSM)\n网络频率（4G）\n主卡：TDD-LTE：B38/B39/B40/B41（2555MHz~2655MHz）；FDD-LTE：B1/B3/B4/B7；TD-SCDMA：B34/B39；WCDMA：B1/B2/B4/B5/B8；CDMA 1X&EVDO BC0；GSM：850/900/1800/1900MHz；副卡：GSM：850/900/1800/1900MHz\n网络频率（2G/3G）\n2G：GSM 850/900/1800/1900\n数据业务\nTDD-LTE/FDD-LTE/TD-SCDMA/WCDMA/HSPA+/DC-HSDPA/CDMA2000/CDMA1X/EDGE/GPRS；FDD-LTE：Cat4/Cat6；TDD-LTE：Cat4/Cat6\n其他\n不能同时支持两张CDMA卡* 各个地区的网络和频段可能有所不同，具体取决于当地运营商以及您所在的位置\n存储\nROM\n32GB\nRAM\n4GB\n存储卡\n支持MicroSD（TF）\n最大存储扩展容量\n128GB\n可用空间\n备注：可使用的内存容量小于此值，因为手机软件占用的空间\n屏幕\n主屏幕尺寸（英寸）\n5.2英寸\n分辨率\n1920*1080(FHD)\n屏幕像素密度（ppi）\n423\n屏幕材质类型\nLTPS\n前置摄像头\n前置摄像头\n800万像素\n前摄光圈大小\n其他\n后置摄像头\n摄像头数量\n2个\n后置摄像头\n双1200万像素\n拍照特点\n数码变焦\n电池信息\n电池容量（mAh）\n3000mAh（典型值），2900mAh（额定值）\n电池是否可拆卸\n否\n充电器\n其他\n数据接口\n数据传输接口\n红外；WIFI；NFC；蓝牙；WiFi热点；OTG接口\nNFC/NFC模式\n支持（点对点模式）\n耳机接口类型\n3.5mm\n充电接口类型\nType-C\n手机特性\n指纹识别\n支持\nGPS\n其他\n陀螺仪\n支持\n辅助功能\n常用功能\n录音\n包装清单\n手机X1；充电器X1；Type-C USB 线X1；快速指南X1；售后服务手册X1；取卡针X1；','华为荣耀手机',2299,553,1),(7,'2013-04-03',10,'小米 红米 3S 高配全网通 3GB内存 32GB ROM 经典金色 移动联通电信4G手机 双卡双待\n主体\n品牌\n小米（MI）\n型号\n红米 3S\n入网型号\n-\n上市年份\n2016年\n上市月份\n6月\n基本信息\n机身颜色\n金色\n机身长度（mm）\n139.3\n机身宽度（mm）\n69.6\n机身厚度（mm）\n8.5\n机身重量（g）\n144\n输入方式\n触控\n运营商标志或内容\n其他\n机身材质分类\n其他\n操作系统\n操作系统\n其他\n操作系统版本\nMIUI\n主芯片\nCPU品牌\n骁龙（Snapdragon)\nCPU频率\n4x1.4GHz+4x1.1GHz\nCPU核数\n八核\nCPU型号\n骁龙430（MSM8937）\n网络支持\n双卡机类型\n双卡双待单通\n最大支持SIM卡数量\n2个\nSIM卡类型\nMicro SIM\n4G网络\n4G：移动（TD-LTE)；4G：联通(FDD-LTE)；4G：电信(FDD-LTE)；4G：联通(TD-LTE)\n3G/2G网络\n3G：移动(TD-SCDMA)；3G：联通(WCDMA)；3G：电信(CDMA2000)；2G：移动（GSM）+联通(GSM)；2G：电信(CDMA)；2G：移动联通(GSM)+电信(CDMA)\n副SIM卡类型\nNano SIM\n副SIM卡3G/2G网络\n不支持主副卡同时使用电信卡\n网络频率（2G/3G）\n2G：GSM 850/900/1800/1900；2G：CDMA 800；3G：TD-SCDMA 1900/2000；3G：WCDMA 850/900/1900/2100；3G：CDMA2000\n存储\nROM\n32GB\nRAM\n3GB\n存储卡\n支持MicroSD（TF）\n最大存储扩展容量\n128GB\n屏幕\n主屏幕尺寸（英寸）\n5.0英寸\n分辨率\n1280×720（HD）\n屏幕材质类型\n其他\n前置摄像头\n前置摄像头\n500万像素\n前摄光圈大小\n其他\n后置摄像头\n摄像头数量\n1个\n后置摄像头\n1300万像素\n电池信息\n电池容量（mAh）\n4000mAh / 4100mAh(typ)\n电池是否可拆卸\n否\n充电器\n5V/2A\n闪充\n支持\n数据接口\n数据传输接口\nWIFI\nNFC/NFC模式\n其他\n耳机接口类型\n3.5mm\n充电接口类型\nMicro USB\n手机特性\n指纹识别\n支持\nGPS\n支持\n电子罗盘\n支持\n陀螺仪\n支持\n红外遥控\n支持\n其他\n距离感应；光线感应\n辅助功能\n常用功能\n其他\n包装清单\n手机主机*1 电源适配器*1 数据线*1','小米手机',899,553,1),(8,'2014-04-04',10,'Apple iPhone 7 Plus (A1661) 128G 亮黑色 移动联通电信4G手机\n主体\n品牌\n苹果（Apple）\n型号\niPhone 7 Plus\n入网型号\nA1661\n上市年份\n2016年\n上市月份\n9月\n基本信息\n机身颜色\n亮黑色\n机身长度（mm）\n158.2\n机身宽度（mm）\n77.9\n机身厚度（mm）\n7.3\n机身重量（g）\n188\n运营商标志或内容\n其他\n机身材质分类\n其他\n操作系统\n操作系统\n以官网信息为准\n主芯片\nCPU品牌\n以官网信息为准\nCPU频率\n以官网信息为准\nCPU核数\n其他\nCPU型号\nA10\n网络支持\n双卡机类型\n单卡\n最大支持SIM卡数量\n1个\nSIM卡类型\nNano SIM\n4G网络\n4G：移动（TD-LTE)；4G：联通(TD-LTE)；4G：电信(FDD-LTE)\n3G/2G网络\n--\n网络频率（2G/3G）\n--\n存储\nROM\n128GB\nRAM\n其他\n存储卡\n不支持\n可用空间\n（因算法不同，手机显示总容量可能小于机身容量，另，实际可供使用的空间小于手机显示总容量，并会因许多因素而可能有所差异，主要由系统占用导致）\n屏幕\n主屏幕尺寸（英寸）\n5.5英寸\n分辨率\n1920*1080(FHD)\n屏幕材质类型\n其他\n前置摄像头\n前置摄像头\n700万像素\n前摄光圈大小\nf/2.2\n后置摄像头\n摄像头数量\n2个\n后置摄像头\n双1200万像素\n电池信息\n电池容量（mAh）\n以官网信息为准\n电池是否可拆卸\n否\n充电器\n其他\n数据接口\n数据传输接口\nWIFI；WiFi热点；蓝牙\nNFC/NFC模式\n其他\n耳机接口类型\nlighting\n充电接口类型\nLightning(iphone)\n手机特性\n指纹识别\n支持\nGPS\n支持\n陀螺仪\n支持\n辅助功能\n常用功能\n其他\n其他\n所有产品信息，以苹果官网为准（apple.com.cn)\n其他特性\niPhone 7 和 iPhone 7 Plus 可防溅、抗水、防尘，在受控实验室条件下经测试，其效果在 IEC 60529 标准下达到 IP67 级别。防溅、抗水、防尘功能并非永久有效\n其他1\n防护性能可能会因日常磨损而下降。请勿为潮湿状态下的 iPhone 充电；请参阅使用手册了解清洁和干燥说明。由于浸入液体而导致的损坏不在保修范围之内。\n其他2\n亮黑色 iPhone7 和 iPhone7Plus 高光泽度的外观，采用包含九道精密工序的阳极氧化与抛光工艺打造而成。其表面硬度与其他采用阳极氧化处理的 Apple 产品相同\n其他3\n但是，高光泽度表面可能随着日常使用而出现细微磨损。如果对此有所担心，建议你选择一款合适的保护壳来保护你的 iPhone。\n其他4\nApple Pay 仅在部分市场提供。请到苹果官网查看 Apple Pay 适用的国家和地区列表。\n其他5\n所有电池性能信息取决于网络设置和许多其它因素，实际结果可能有所不同。电池充电周期次数有限，最终可能需由 Apple 服务提供商更换。\n其他6\n电池使用时间和充电周期次数依设置和使用情况的不同而可能有所差异。详情请参阅www.apple.com/cn/batteries和www.apple.com/cn/iphone/battery.html。\n其他7\n需要使用数据计划。4G LTE Advanced 和 4G LTE 功能适用于特定国家或地区的特定运营商。速度依据理论上的数据吞吐量，并基于现场状况和不同运营商而可能有所差异\n其他8\n有关 4G LTE 支持的详情，请联系你的运营商并查看 www.apple.com/iphone/LTE。\n其他9\n亮黑色的 iPhone 7 和 iPhone 7 Plus 仅提供 128GB 和 256GB 机型。实际可供使用的空间小于总容量，并会因许多因素而可能有所差异。某些功能仅适用于部分国家或地区。烦请到苹果官网查看详情\n包装清单\n装有 iOS 10 的 iPhone*1，采用 Lightning 接头的 EarPods*1，Lightning 至 3.5 毫米耳机插孔转换器*1，Lightning 至 USB 连接线*1，USB 电源适配器*1，资料*1.','苹果手机',7188.88,553,1),(9,'2016-12-05',10,'OPPO R9s Plus 6GB+64GB内存版 全网通4G手机 双卡双待 玫瑰金\n主体\n品牌\nOPPO\n型号\nR9s Plus\n入网型号\nR9s Plus\n上市年份\n2016年\n上市月份\n12月\n基本信息\n机身颜色\n玫瑰金\n机身长度（mm）\n163.63\n机身宽度（mm）\n80.8\n机身厚度（mm）\n7.35\n机身重量（g）\n约185g\n运营商标志或内容\n无\n机身材质分类\n金属后盖\n操作系统\n操作系统\nAndroid\n操作系统版本\n基于Android 6.0开发的ColorOS 3.0\n主芯片\nCPU品牌\n骁龙（Snapdragon)\nCPU频率\n1.95GHz\nCPU核数\n八核\nCPU型号\n骁龙653（MSM8976 Pro）\n网络支持\n双卡机类型\n双卡双待单通\n最大支持SIM卡数量\n2个\nSIM卡类型\nNano SIM\n4G网络\n4G：移动（TD-LTE)；4G：电信(FDD-LTE)；4G：联通(TD-LTE)\n3G/2G网络\n3G：电信(CDMA2000)；2G：移动（GSM）+联通(GSM)；2G：电信(CDMA)\n副SIM卡类型\nNano SIM；副SIM卡与存储卡二选一\n副SIM卡3G/2G网络\n2G：移动（GSM）+联通(GSM)；2G：电信(CDMA)\n网络频率（2G/3G）\n2G：GSM 850/900/1800/1900；2G：CDMA 800；3G：WCDMA：850/900/1700/1900/2100MHz\n存储\nROM\n64GB\nRAM\n6GB\n存储卡\n支持MicroSD（TF）\n屏幕\n主屏幕尺寸（英寸）\n6.0英寸\n分辨率\n1920*1080(FHD)\n屏幕材质类型\nIPS\n前置摄像头\n前置摄像头\n1600万像素\n前摄光圈大小\n其他\n后置摄像头\n摄像头数量\n1个\n后置摄像头\n1600万像素\n电池信息\n电池容量（mAh）\n4000mAh（典型值）\n电池是否可拆卸\n否\n充电器\n5V/4A\n数据接口\n数据传输接口\nWIFI；OTG接口\nNFC/NFC模式\n不支持\n耳机接口类型\n3.5mm\n充电接口类型\nMicro USB\n手机特性\n指纹识别\n支持\nGPS\n支持\n陀螺仪\n支持\n辅助功能\n常用功能\n录音；手势识别；便签\n包装清单\n主机x1、耳机x1、数据线x1、充电器x1、SIM卡通针x1、保护套x1、产品信息手册及保修卡x1','oppo手机',3499.93,553,1),(10,'2009-03-02',10,'苹果 iPhone7 手机壳 iPhone7/7 plus 手机壳 手机配件 驰红色iPhone7 plus适用\n商品名称：苹果 iPhone7 手机壳 iPhone7/7 plus 手机壳 手机配件 驰红色iPhone7 plus适用商品编号：1961989128店铺： Kyushu Star专营店商品毛重：10.00g材质：其他热门机型：其他风格：简约选购热点：其他款式：定制','iphone手机壳',129,567,1),(11,'2015-06-05',10,'普利邦(pulibang) 手机钢化膜纤薄3D高清防爆全屏膜 适用于iPhone7plus 5.5寸苹果i7plus 深邃黑\n品牌： 普利邦（pulibang） ♥关注\n商品名称：普利邦(pulibang) 手机钢化膜纤薄3D高清防爆全屏膜 适用于iPhone7plus 5.5寸苹果i7plus 深邃黑商品编号：10679135663店铺： 普利邦旗舰店商品毛重：50.00g货号：0914-苹果膜全屏材质：钢化玻璃热门机型：iPhone7/7 Plus类型：前膜特点：3D膜','iphone手机贴膜',598,568,1),(12,'2013-04-03',10,'华为（HUAWEI）P9plus原装数据线Type-C荣耀8荣耀v8 mate9手机充电线 (京东配送)华为原装Type-C数据线\n品牌： 华为（HUAWEI） ♥关注\n商品名称：华为（HUAWEI）P9plus原装数据线Type-C荣耀8荣耀v8 mate9手机充电线 (京东配送)华为原装Type-C数据线商品编号：10274802710店铺： 千百回数码专营店商品毛重：100.00g长度：1米特点：快充类型：Type-C','华为数据线',25.9,570,1),(13,'2016-07-06',10,'苹果原装数据线iPhone6s/6Plus/5SE/iPadpro/手机USB线充电数据线\n商品名称：苹果原装数据线iPhone6s/6Plus/5SE/iPadpro/手机USB线充电数据线商品编号：1963444329店铺： HK数码国际全球购专营店商品毛重：500.00g长度：1米特点：自动断电类型：苹果\n','苹果数据线',78.01,570,1),(14,'2016-06-06',10,'魅族mx5原装充电器 mx3 mx4 pro5 魅蓝note2手机数据线 2A快速直充头 魅族原厂(简装)---单数据线1米\n商品名称：魅族mx5原装充电器 mx3 mx4 pro5 魅蓝note2手机数据线 2A快速直充头 魅族原厂(简装)---单数据线1米商品编号：10379486018店铺： 特比数码专营店商品毛重：60.00g长度：1米特点：快充类型：安卓','魅族数据线',8.91,570,1),(15,'2016-09-08',10,'索尼（SONY） DSC-RX100 黑卡数码相机 2020万有效像素 等效28-100mm F1.8-F4.9蔡司镜头 1080P视频\n商品名称：索尼RX100商品编号：676676商品毛重：0.54kg商品产地：中国无锡分类：准专业机液晶屏尺寸：3.0英寸','索尼数码摄像机',2399.01,582,1),(16,'2016-08-07',10,'Apple MacBook Air 13.3英寸笔记本电脑 银色(Core i5 处理器/8GB内存/256GB SSD闪存 MMGG2CH)\n主体\n颜色\n银色\n平台\nIntel\n操作系统\n操作系统\nMac OS\n内存\n内存容量\n8GB\n显示器\n屏幕尺寸\n其他\n屏幕规格\n13.3英寸\n显示比例\n宽屏16：10\n物理分辨率\n1440 x 900\n屏幕类型\nLED背光\n通信\n局域网\n其它\n无线局域网\n其它\n端口\n音频端口\n耳机接口x1\n音效系统\n扬声器\n内置扬声器\n内置麦克风\n有\n输入设备\n键盘\n背光键盘\n触摸板\n有\n其它设备\n网络摄像头\n有\n指纹识别\n无\n电源\n电池\n其它\n续航时间\n其它\n电源适配器\n其它\n机器规格\n尺寸\n227×325×3-17mm\n净重\n<1.5kg\n包装清单\nMacBook Air× 1、电源适配器× 1、交流电源插头× 1、电源线× 1','苹果笔记本',8488.00001,794,1),(17,'2016-04-05',10,'联想（Lenovo）拯救者 ISK15.6英寸游戏笔记本电脑（i5-6300HQ 8G 1T HDD GTX960M 4G独显 FHD IPS屏 ）黑\n主体\n系列\n拯救者-15\n型号\n拯救者ISK\n颜色\n黑色\n平台\nIntel\n操作系统\n操作系统\nWindows 10家庭版\n处理器\nCPU型号\ni5-6300HQ\nCPU速度\n2.3GHz\n核心\n四核\n其它说明\n第六代智能英特尔酷睿i5四核处理器2.3GHz,睿频至3.2GHz\n内存\n内存容量\n8GB\n内存类型\nDDR4 2133\n硬盘\n硬盘容量\n1T\n转速\n5400转/分钟\n显卡\n类型\n独立显卡\n显示芯片\nNVDIA GTX960M专业级游戏显卡\n显存容量\n独立4GB\n显存类型\nGDDR5\n光驱\n光驱类型\n无光驱\n显示器\n屏幕规格\n15.6英寸\n显示比例\n宽屏16：9\n物理分辨率\n1920×1080\n屏幕类型\nLED背光\n特征\nFHD IPS\n通信\n内置蓝牙\n蓝牙4.0\n局域网\n10/100/1000Mbps\n无线局域网\n有\n端口\nUSB2.0\n1 个\nUSB3.0\n2个\n音频端口\n耳机、麦克风二合一接口\n显示端口\nVGA x 1/ HDMI x 1\nRJ45\n1个\n音效系统\n扬声器\n内置扬声器\n杜比音效\n支持\n内置麦克风\n有\n输入设备\n键盘\n巧克力键盘\n触摸板\n有\n其它设备\n网络摄像头\n有\n电源\n电池\n4芯 锂离子电池\n续航时间\n2-5小时\n电源适配器\n其它\n机器规格\n尺寸\n387mm X 272.6mm X 27.9mm\n净重\n>2.5kg\n包装清单\n笔记本主机 x1 电池 x1 电源适配器 x1','联想笔记本',5699.0001,794,1),(18,'2011-10-01',10,'联想（ThinkPad ）轻薄系列E450(20DCA082CD)14英寸笔记本电脑 (i5-5200U 4G 500G 2G独显 win10)\n主体\n型号\n20DCA082CD\n颜色\n神秘黑\n平台\nIntel\n操作系统\n操作系统\nWindows 10\n处理器\nCPU类型\n第五代智能英特尔酷睿i5处理器\nCPU型号\ni5-5200U\nCPU速度\n2.2GHz睿频至2.7GHz\n三级缓存\n3M\n核心\n双核\n内存\n内存容量\n4GB\n内存类型\nDDR3L 1600\n插槽数量\n2 x SO-DIMM\n最大支持容量\n16GB\n硬盘\n硬盘容量\n500GB\n转速\n7200转/分钟\n接口类型\nSATA 串行\n显卡\n类型\n独立显卡\n显示芯片\nAMD R5 M240\n显存容量\n独立2GB\n光驱\n光驱类型\n无光驱\n显示器\n屏幕尺寸\n14英寸\n屏幕规格\n14.0英寸\n显示比例\n宽屏16：9\n物理分辨率\n1366 x 768\n屏幕类型\nLED背光\n特征\n防炫光雾面屏\n通信\n内置蓝牙\n有\n局域网\n10/100/1000Mbps\n无线局域网\n有\n红外\n不支持\n内置3G\n无\n内置3G模块\n无\n端口\nUSB2.0\n1 个\n音频端口\n耳机、麦克风二合一接口\n显示端口\nHDMI接口\n其他端口\n4合1读卡器\nRJ45\n1个\nUSB3.0\n2个\n音效系统\n扬声器\n内置扬声器\n杜比音效\n支持\n内置麦克风\n有\n输入设备\n键盘\n全尺寸键盘\n触摸板\n有\n指点杆\n有\n遥控器\n无\n其它设备\n网络摄像头\n有\n面部识别\n不支持\n指纹识别\n无\n电源\n电池\n6芯 锂离子电池\n续航时间\n2-3小时, 具体时间视使用环境而定\n电源适配器\n100-240V自适应交流电源适配器\n机器规格\n尺寸\n约344mm*约239mm*约22.3mm\n净重\n1.5kg-2kg\n包装清单\n笔记本主机 x1 电源适配器 x1 电源线 x1 主要配件成分说明书 x1 保修卡 x1','thinkpad笔记本',3999.000001,794,1),(19,'2016-05-03',10,'戴尔（DELL）Precision7710 17.3英寸移动工作站至强 E3-1535M 64G/256G+2T/M5000M 8G/4K屏 蓝牙指纹背光/WIN10/3年上门服务\n主体\n颜色\n黑色\n平台\nIntel\n翻新类型\n全新\n操作系统\n操作系统\nWindows 10\n处理器\nCPU类型\n酷睿四核\nCPU速度\n其它　\n三级缓存\n8M\n内建GPU\nIntel核芯显卡\n核心\n四核\n内存\n内存类型\nDDR4 2133\n最大支持容量\n其它\n硬盘\n转速\n7200转/分钟\n接口类型\nSATA 串行\n显卡\n类型\n独立显卡\n光驱\n光驱类型\n无光驱\n显示器\n屏幕尺寸\n其他\n屏幕规格\n17.3英寸\n显示比例\n宽屏16：9\n物理分辨率\n1920×1080\n屏幕类型\nLED背光\n通信\n内置蓝牙\n有\n局域网\n10/100/1000Mbps\n无线局域网\n有\n端口\n音频端口\n耳机、麦克风二合一接口\n显示端口\nHDMI接口\nRJ45\n1个\n音效系统\n扬声器\n内置扬声器\n杜比音效\n支持\n内置麦克风\n有\n输入设备\n键盘\n全尺寸键盘\n触摸板\n有\n指点杆\n有\n其它设备\n网络摄像头\n有\n指纹识别\n有\n电源\n电池\n内置锂离子电池\n续航时间\n5-8小时\n电源适配器\n100-240V自适应交流电源适配器\n机器规格\n净重\n>2.5kg\n包装清单\n移动工作站X1 电源适配器X1','戴尔笔记本',43999.021,794,1),(20,'2013-05-05',10,'华硕(ASUS) 玩家国度 GX700VO 17英寸高性能水冷游戏本 i7-6820HK 32G 512G+512G双固态 定制 桌面级GTX980-8G独显 FHD\n主体\n颜色	其他\n平台	Intel\n内存\n内存容量	其它\n内存类型	DDR4 2133\n硬盘\n硬盘容量	其它\n显卡\n类型	集显+独显\n显存容量	其它\n光驱\n光驱类型	无光驱\n显示器\n屏幕尺寸	17英寸\n屏幕规格	17.3英寸\n显示比例	宽屏16：9\n物理分辨率	1920×1080\n屏幕类型	LED背光\n通信\n内置蓝牙	有\n局域网	10/100/1000Mbps\n无线局域网	有\n内置3G	无\n内置3G模块	无\n端口\n音频端口	耳机、麦克风二合一接口\n显示端口	HDMI接口\n音效系统\n扬声器	内置扬声器\n内置麦克风	有\n输入设备\n键盘	全尺寸键盘\n触摸板	多点触控\n其它设备\n网络摄像头	有\n指纹识别	无\n电源\n电池	内置锂离子电池\n续航时间	<2小时\n电源适配器	100-240V自适应交流电源适配器\n机器规格\n净重	>2.5kg\n','华硕笔记本',54999.00001,794,1),(21,'2016-03-13',10,'Razer 雷蛇 Blade pro笔记本电脑17.3英寸触屏游戏本2016新款包税 i7-6700HQ GTX1080 32G 4K 2Tssd\n主体\n颜色	黑色\n平台	Intel\n内存\n内存容量	其它\n显示器\n屏幕规格	17.3英寸\n显示比例	普屏\n物理分辨率	3840 x 2160\n屏幕类型	LCD\n通信\n局域网	10/100Mbps\n无线局域网	有\n端口\n音频端口	耳机、麦克风二合一接口\n音效系统\n扬声器	内置扬声器\n内置麦克风	有\n输入设备\n键盘	背光键盘\n触摸板	有\n其它设备\n网络摄像头	有\n电源\n电池	8芯 锂离子电池\n续航时间	2-5小时\n电源适配器	100-240V自适应交流电源适配器\n机器规格\n净重	2-2.5kg','雷蛇笔记本',40480.00393,794,1),(22,'2016-10-04',10,'微软Surface Book i5/i7 PC平板二合一笔记本电脑 主机i7-16G-1TB独显 主机+拓展坞\n配置\n核心数量\n双核\n扩展支持\nMicro SD (TF)卡\n可扩展容量\n128GB\n显示\n屏幕分辨率\n其他\n指取设备\n触摸\n连接\nWiFi功能\n支持\n蓝牙功能\n支持\n端口\n音频接口\n其他\n视频接口\nMini HDMI\nUSB接口\n标准3.0\n音效\n扬声器\n有\n功能\n摄像头\n有\n多点触控\n支持\nFlash播放\n支持\n重力感应\n支持\n投影功能\n支持\n电源\n电池类型\n锂电池\n电池容量\n10000mAh以上\n包装清单\nSurface Book、Surface触控笔、电源、快速入门指南、安全和保修文件','微软平板电脑',250000.0039,796,1),(23,'2016-03-08',10,'全球购 外星人 Alienware ALWA51-D1778 专业游戏台式主机 美行 i7-5960X 32G内存 512G SSD+ 4T TITAN*24G独显\n主体\n推荐用途	家用电脑\n平台	Intel平台\n操作系统	Windows 8.1\n机箱类型	大机箱\n主板\n显卡类型	独立显卡\n声卡	集成声卡\n网卡	1000Mbps以太网卡\nCPU\n核心数	八核\n显卡\n显存规格	DDR5\n光驱\n类型	Blu-ray Disc\n前(侧)面接口\nUSB	2 x USB3.0\n音频接口	1\n读卡器	有\n后面接口\n音频接口	1\nUSB	8','外星人机箱',80499.0033,798,1),(24,'2016-05-03',10,'机械革命（MECHREVO）MR Q8游戏台式电脑主机（i7-6700 DDR4 16G 128GSSD+1T GTX1070 8G独显 ）WIN10\n主体\n系列\n机械革命\n型号\nMR Q8\n平台\nIntel平台\n操作系统\nWindows 10\n机箱类型\n大机箱\n主板\n芯片组\nIntel B150\n显卡类型\n独立显卡\n声卡\n集成声卡\n网卡\n1000Mbps以太网卡\nCPU\nCPU型号\ni7-6700\n核心数\n四核（八线程）\n三级缓存\n8MB\n显卡\n显示芯片\nGTX1070\n显存规格\nDDR5\n内存\n容量\n16GB\n插槽数量\n4个\n硬盘\n容量\n1TB；128G SSD\n类型\nSATA 串行\n转速\n7200转/分钟\n盘位数\n3\n前(侧)面接口\nUSB\n2\n音频接口\n1个耳麦接口，1个麦克风接口\n后面接口\nPS/2\n1\n视频接口\nDVI\\HDMI接口\n音频接口\n6\nUSB\n6\nRJ45\n1\n扩展性\nPCI槽(空闲/总数)\n1×PCI插槽\nPCI-E\n1*PCIEX1,1*PCIEX4,1*PCIEX16\n规格\n电源\nATX\n电源功率\n500W\n尺寸\n长49.5cm*宽21cm*高45cm\n包装清单\n主机：×1 电源线:×1 说明书:×1 装箱单×1','机械革命',7999.0033,798,1),(25,'2015-04-03',10,'','联想触摸一体机',16999.00484,798,1);

/*Table structure for table `qin_goodstype7` */

DROP TABLE IF EXISTS `qin_goodstype7`;

CREATE TABLE `qin_goodstype7` (
  `id` bigint(20) NOT NULL AUTO_INCREMENT,
  `goodsTypeId` bigint(20) DEFAULT NULL,
  `goodsTypeName` varchar(400) DEFAULT NULL,
  `joinColumn_parent` bigint(20) DEFAULT NULL,
  PRIMARY KEY (`id`),
  UNIQUE KEY `UK_nxwlsiax58m56iv05uu37dvw4` (`goodsTypeId`),
  UNIQUE KEY `UK_lwadf2kp73uj67d0pff8i1hgo` (`goodsTypeName`),
  KEY `fk_parent` (`joinColumn_parent`),
  CONSTRAINT `fk_parent` FOREIGN KEY (`joinColumn_parent`) REFERENCES `qin_goodstype7` (`id`)
) ENGINE=InnoDB AUTO_INCREMENT=5363 DEFAULT CHARSET=utf8;

/*Data for the table `qin_goodstype7` */

insert  into `qin_goodstype7`(`id`,`goodsTypeId`,`goodsTypeName`,`joinColumn_parent`) values (1,0,'家用电器',NULL),(2,1,'手机/运营商/数码',NULL),(3,2,'电脑办公',NULL),(4,3,'家居/家具/家装/厨具',NULL),(5,4,'男装/ 女装/ 童装/ 内衣',NULL),(6,5,'个护化妆/ 清洁用品/ 宠物',NULL),(7,6,'鞋靴/ 箱包/ 珠宝/ 奢侈品',NULL),(8,7,'运动/ 户外/ 钟表',NULL),(9,8,'汽车/ 汽车用品',NULL),(10,9,'母婴/ 玩具乐器',NULL),(11,10,'食品/ 酒类/ 生鲜/ 特产',NULL),(12,11,'医药保健',NULL),(13,12,'图书/ 音像/ 电子书',NULL),(14,13,'机票/ 酒店/ 旅游/ 生活',NULL),(15,14,'理财/ 众筹/ 白条/ 保险',NULL),(16,NULL,'电视',1),(17,NULL,'空调',1),(18,NULL,'洗衣机',1),(19,NULL,'冰箱',1),(20,NULL,'厨卫大电',1),(21,NULL,'厨房小电',1),(22,NULL,'生活电器',1),(23,NULL,'个护健康',1),(24,NULL,'家庭影音',1),(25,NULL,'进口电器',1),(26,NULL,'手机通讯',2),(27,NULL,'运营商',2),(28,NULL,'手机配件',2),(29,NULL,'摄影摄像',2),(30,NULL,'数码配件',2),(31,NULL,'影音娱乐',2),(32,NULL,'智能设备',2),(33,NULL,'电子教育',2),(34,NULL,'电脑整机',3),(35,NULL,'电脑配件',3),(36,NULL,'外设产品',3),(37,NULL,'游戏设备',3),(38,NULL,'网络产品',3),(39,NULL,'办公设备',3),(40,NULL,'文具耗材',3),(41,NULL,'服务产品',3),(42,NULL,'厨具',4),(43,NULL,'家纺',4),(44,NULL,'生活日用',4),(45,NULL,'家装软饰',4),(46,NULL,'灯具',4),(47,NULL,'家具',4),(48,NULL,'家装建材',4),(49,NULL,'女装',5),(50,NULL,'男装',5),(51,NULL,'内衣',5),(52,NULL,'配饰',5),(53,NULL,'童装童鞋',5),(54,NULL,'面部护肤',6),(55,NULL,'洗发护发',6),(56,NULL,'身体护理',6),(57,NULL,'口腔护理',6),(58,NULL,'女性护理',6),(59,NULL,'香水彩妆',6),(60,NULL,'清洁用品',6),(61,NULL,'宠物生活',6),(62,NULL,'时尚女鞋',7),(63,NULL,'流行男鞋',7),(64,NULL,'潮流女包',7),(65,NULL,'精品男包',7),(66,NULL,'功能箱包',7),(67,NULL,'奢侈品',7),(68,NULL,'精选大牌',7),(69,NULL,'礼品',7),(70,NULL,'珠宝首饰',7),(71,NULL,'金银投资',7),(72,NULL,'运动鞋包',8),(73,NULL,'运动服饰',8),(74,NULL,'健身训练',8),(75,NULL,'骑行运动',8),(76,NULL,'体育用品',8),(77,NULL,'户外鞋服',8),(78,NULL,'户外装备',8),(79,NULL,'垂钓用品',8),(80,NULL,'游泳用品',8),(81,NULL,'钟表',8),(82,NULL,'汽车车型',9),(83,NULL,'汽车价格',9),(84,NULL,'汽车品牌',9),(85,NULL,'维修保养',9),(86,NULL,'车载电器',9),(87,NULL,'美容清洗',9),(88,NULL,'汽车装饰',9),(89,NULL,'安全自驾',9),(90,NULL,'赛事改装',9),(91,NULL,'汽车服务',9),(92,NULL,'奶粉',10),(93,NULL,'营养辅食',10),(94,NULL,'尿裤湿巾',10),(95,NULL,'喂养用品',10),(96,NULL,'洗护用品',10),(97,NULL,'寝居服饰',10),(98,NULL,'妈妈专区',10),(99,NULL,'童车童床',10),(100,NULL,'玩具',10),(101,NULL,'乐器',10),(102,NULL,'新鲜水果',11),(103,NULL,'海鲜水产',11),(104,NULL,'肉禽蛋品',11),(105,NULL,'新鲜蔬菜',11),(106,NULL,'冷饮冻食',11),(107,NULL,'中外名酒',11),(108,NULL,'进口食品',11),(109,NULL,'休闲食品',11),(110,NULL,'地方特产',11),(111,NULL,'茗茶',11),(112,NULL,'饮料冲调',11),(113,NULL,'粮油调味',11),(114,NULL,'中西药品',12),(115,NULL,'营养健康',12),(116,NULL,'营养成分',12),(117,NULL,'滋补养生',12),(118,NULL,'成人用品',12),(119,NULL,'保健器械',12),(120,NULL,'护理护具',12),(121,NULL,'音像',13),(122,NULL,'少儿',13),(123,NULL,'教育',13),(124,NULL,'文艺',13),(125,NULL,'经管励志',13),(126,NULL,'人文社科',13),(127,NULL,'生活',13),(128,NULL,'科技',13),(129,NULL,'刊/原版',13),(130,NULL,'电子书',13),(131,NULL,'数字音乐',13),(132,NULL,'交通出行',14),(133,NULL,'酒店预订',14),(134,NULL,'旅游度假',14),(135,NULL,'商旅服务',14),(136,NULL,'演出票务',14),(137,NULL,'生活缴费',14),(138,NULL,'生活服务',14),(139,NULL,'教育培训',14),(140,NULL,'彩票',14),(141,NULL,'游戏',14),(142,NULL,'海外生活',14),(143,NULL,'理财',15),(144,NULL,'众筹',15),(145,NULL,'东家',15),(146,NULL,'白条',15),(147,NULL,'钱包',15),(148,NULL,'保险',15),(319,NULL,'剃须刀',23),(320,NULL,'口腔护理_',23),(321,NULL,'电吹风',23),(322,NULL,'美容器',23),(323,NULL,'卷/直发器',23),(324,NULL,'理发器',23),(325,NULL,'剃/脱毛器',23),(326,NULL,'足浴盆',23),(327,NULL,'健康秤/厨房秤',23),(328,NULL,'按摩器',23),(329,NULL,'按摩椅',23),(330,NULL,'计步器/脂肪检测仪',23),(331,NULL,'其它健康电器',23),(332,NULL,'多门',19),(333,NULL,'对开门',19),(334,NULL,'三门',19),(335,NULL,'双门',19),(336,NULL,'冷柜/冰吧',19),(337,NULL,'酒柜',19),(338,NULL,'冰箱配件',19),(339,NULL,'油烟机',20),(340,NULL,'燃气灶',20),(341,NULL,'烟灶套装',20),(342,NULL,'消毒柜',20),(343,NULL,'洗碗机',20),(344,NULL,'电热水器',20),(345,NULL,'燃气热水器',20),(346,NULL,'嵌入式厨电',20),(347,NULL,'厨房小电_',21),(348,NULL,'电饭煲',21),(349,NULL,'微波炉',21),(350,NULL,'电烤箱',21),(351,NULL,'电磁炉',21),(352,NULL,'电压力锅',21),(353,NULL,'豆浆机',21),(354,NULL,'咖啡机',21),(355,NULL,'面包机',21),(356,NULL,'榨汁机',21),(357,NULL,'料理机',21),(358,NULL,'电饼铛',21),(359,NULL,'养生壶/煎药壶',21),(360,NULL,'酸奶机',21),(361,NULL,'煮蛋器',21),(362,NULL,'电水壶/热水瓶',21),(363,NULL,'电炖锅',21),(364,NULL,'多用途锅',21),(365,NULL,'电烧烤炉',21),(366,NULL,'电热饭盒',21),(367,NULL,'其它厨房电器',21),(368,NULL,'家庭影院',24),(369,NULL,'迷你音响',24),(370,NULL,'dvd',24),(371,NULL,'电视影音插件',24),(372,NULL,'滚筒洗衣机',18),(373,NULL,'洗烘一体机',18),(374,NULL,'波轮洗衣机',18),(375,NULL,'洗衣机配件',18),(376,NULL,'取暖电器',22),(377,NULL,'吸尘器',22),(378,NULL,'净化器',22),(379,NULL,'扫地机器人',22),(380,NULL,'加湿器',22),(381,NULL,'挂烫机/熨斗',22),(382,NULL,'电风扇',22),(383,NULL,'冷风扇',22),(384,NULL,'插座',22),(385,NULL,'电话机',22),(386,NULL,'饮水机',22),(387,NULL,'净水器',22),(388,NULL,'除湿机',22),(389,NULL,'干衣机',22),(390,NULL,'清洁机',22),(391,NULL,'收录/音机',22),(392,NULL,'其它生活电器',22),(393,NULL,'生活电器配件',22),(394,NULL,'合资品牌',16),(395,NULL,'国产品牌',16),(396,NULL,'互联网品牌',16),(397,NULL,'壁挂式空调',17),(398,NULL,'柜式空调',17),(399,NULL,'中央空调',17),(400,NULL,'空调配件',17),(553,NULL,'手机',26),(554,NULL,'对讲机',26),(555,NULL,'以旧换新',26),(556,NULL,'手机维修',26),(557,NULL,'充话费/流量',27),(558,NULL,'170选号',27),(559,NULL,'合约机',27),(560,NULL,'办套餐',27),(561,NULL,'选号码',27),(562,NULL,'固话宽带',27),(563,NULL,'京东通信',27),(564,NULL,'中国移动',27),(565,NULL,'中国联通',27),(566,NULL,'中国电信',27),(567,NULL,'手机壳',28),(568,NULL,'贴膜',28),(569,NULL,'手机存储卡',28),(570,NULL,'数据线',28),(571,NULL,'充电器',28),(572,NULL,'手机耳机',28),(573,NULL,'创意配件',28),(574,NULL,'手机饰品',28),(575,NULL,'手机电池',28),(576,NULL,'苹果周边',28),(577,NULL,'移动电源',28),(578,NULL,'蓝牙耳机',28),(579,NULL,'手机支架',28),(580,NULL,'车载配件',28),(581,NULL,'拍照配件',28),(582,NULL,'数码相机',29),(583,NULL,'单电/微单相机',29),(584,NULL,'单反相机',29),(585,NULL,'拍立得',29),(586,NULL,'运动相机',29),(587,NULL,'摄像机',29),(588,NULL,'镜头',29),(589,NULL,'户外器材',29),(590,NULL,'影棚器材',29),(591,NULL,'冲印服务',29),(592,NULL,'数码相框',29),(593,NULL,'存储卡',30),(594,NULL,'三脚架/云台',30),(595,NULL,'相机包',30),(596,NULL,'滤镜',30),(597,NULL,'闪光灯/手柄',30),(598,NULL,'相机清洁/贴膜',30),(599,NULL,'机身附件',30),(600,NULL,'镜头附件',30),(601,NULL,'读卡器',30),(602,NULL,'支架',30),(603,NULL,'电池/充电器',30),(604,NULL,'耳机/耳麦',31),(605,NULL,'音箱/音响',31),(606,NULL,'便携/无线音箱',31),(607,NULL,'收音机',31),(608,NULL,'麦克风',31),(609,NULL,'MP3/MP4',31),(610,NULL,'专业音频',31),(611,NULL,'智能手环',32),(612,NULL,'智能手表',32),(613,NULL,'智能眼镜',32),(614,NULL,'智能机器人',32),(615,NULL,'运动跟踪器',32),(616,NULL,'健康监测',32),(617,NULL,'智能配饰',32),(618,NULL,'智能家居',32),(619,NULL,'体感车',32),(620,NULL,'无人机',32),(621,NULL,'其他配件',32),(622,NULL,'学生平板',33),(623,NULL,'点读机/笔',33),(624,NULL,'早教益智',33),(625,NULL,'录音笔',33),(626,NULL,'电纸书',33),(627,NULL,'电子词典',33),(628,NULL,'复读机 ',33),(794,NULL,'笔记本',34),(795,NULL,'游戏本',34),(796,NULL,'平板电脑',34),(797,NULL,'平板电脑配件',34),(798,NULL,'台式机',34),(799,NULL,'一体机',34),(800,NULL,'服务器/工作站',34),(801,NULL,'笔记本配件',34),(802,NULL,'显示器',35),(803,NULL,'CPU',35),(804,NULL,'主板',35),(805,NULL,'硬盘',35),(806,NULL,'内存',35),(807,NULL,'机箱',35),(808,NULL,'电源',35),(809,NULL,'散热器',35),(810,NULL,'刻录机/光驱',35),(811,NULL,'声卡/扩展卡',35),(812,NULL,'装机配件',35),(813,NULL,'显卡',35),(814,NULL,'SSD固态硬盘',35),(815,NULL,'组装电脑',35),(816,NULL,'鼠标',36),(817,NULL,'键盘',36),(818,NULL,'键鼠套装',36),(819,NULL,'网络仪表仪器',36),(820,NULL,'U盘',36),(821,NULL,'移动硬盘',36),(822,NULL,'鼠标垫',36),(823,NULL,'摄像头',36),(824,NULL,'线缆',36),(825,NULL,'手写板',36),(826,NULL,'硬盘盒',36),(827,NULL,'电脑工具',36),(828,NULL,'电脑清洁',36),(829,NULL,'UPS电源',36),(830,NULL,'插座_',36),(831,NULL,'游戏机',37),(832,NULL,'游戏耳机',37),(833,NULL,'手柄/方向盘',37),(834,NULL,'游戏软件',37),(835,NULL,'游戏周边',37),(836,NULL,'路由器',38),(837,NULL,'网络机顶盒',38),(838,NULL,'交换机',38),(839,NULL,'网络存储',38),(840,NULL,'网卡',38),(841,NULL,'4G/3G上网',38),(842,NULL,'网络配件',38),(843,NULL,'投影机',39),(844,NULL,'投影配件',39),(845,NULL,'多功能一体机',39),(846,NULL,'打印机',39),(847,NULL,'传真设备',39),(848,NULL,'验钞/点钞机',39),(849,NULL,'扫描设备',39),(850,NULL,'复合机',39),(851,NULL,'碎纸机',39),(852,NULL,'考勤机',39),(853,NULL,'收银机',39),(854,NULL,'会议音频视频',39),(855,NULL,'保险柜',39),(856,NULL,'装订/封装机',39),(857,NULL,'安防监控',39),(858,NULL,'办公家具',39),(859,NULL,'白板',39),(860,NULL,'硒鼓/墨粉',40),(861,NULL,'墨盒',40),(862,NULL,'色带',40),(863,NULL,'纸类',40),(864,NULL,'办公文具',40),(865,NULL,'学生文具',40),(866,NULL,'文件管理',40),(867,NULL,'本册/便签',40),(868,NULL,'计算器',40),(869,NULL,'笔类',40),(870,NULL,'画具画材',40),(871,NULL,'财会用品',40),(872,NULL,'刻录碟片/附件',40),(873,NULL,'延保服务',41),(874,NULL,'上门安装',41),(875,NULL,'维修保养_',41),(876,NULL,'电脑软件',41),(1053,NULL,'烹饪锅具',42),(1054,NULL,'刀剪菜板',42),(1055,NULL,'厨房配件',42),(1056,NULL,'水具酒具',42),(1057,NULL,'餐具',42),(1058,NULL,'茶具/咖啡具',42),(1059,NULL,'床品套件',43),(1060,NULL,'被子',43),(1061,NULL,'枕芯',43),(1062,NULL,'蚊帐',43),(1063,NULL,'凉席',43),(1064,NULL,'毛巾浴巾',43),(1065,NULL,'床单被罩',43),(1066,NULL,'床垫/床褥',43),(1067,NULL,'毯子',43),(1068,NULL,'抱枕靠垫',43),(1069,NULL,'窗帘/窗纱',43),(1070,NULL,'电热毯',43),(1071,NULL,'布艺软饰',43),(1072,NULL,'收纳用品',44),(1073,NULL,'雨伞雨具',44),(1074,NULL,'净化除味',44),(1075,NULL,'浴室用品',44),(1076,NULL,'洗晒/熨烫',44),(1077,NULL,'缝纫/针织用品',44),(1078,NULL,'清洁工具',44),(1079,NULL,'家居3免1',45),(1080,NULL,'桌布/罩件',45),(1081,NULL,'地毯地垫',45),(1082,NULL,'沙发垫套/椅垫',45),(1083,NULL,'装饰字画',45),(1084,NULL,'装饰摆件',45),(1085,NULL,'手工/十字绣',45),(1086,NULL,'相框/照片墙',45),(1087,NULL,'墙贴/装饰贴',45),(1088,NULL,'花瓶花艺',45),(1089,NULL,'香薰蜡烛',45),(1090,NULL,'节庆饰品',45),(1091,NULL,'钟饰',45),(1092,NULL,'帘艺隔断',45),(1093,NULL,'创意家居',45),(1094,NULL,'保暖防护',45),(1095,NULL,'台灯',46),(1096,NULL,'吸顶灯_',46),(1097,NULL,'筒灯射灯',46),(1098,NULL,'LED灯',46),(1099,NULL,'节能灯',46),(1100,NULL,'落地灯',46),(1101,NULL,'五金电器',46),(1102,NULL,'应急灯/手电',46),(1103,NULL,'装饰灯',46),(1104,NULL,'吊灯',46),(1105,NULL,'氛围照明',46),(1106,NULL,'卧室家具',47),(1107,NULL,'客厅家具',47),(1108,NULL,'餐厅家具',47),(1109,NULL,'书房家具',47),(1110,NULL,'儿童家具',47),(1111,NULL,'储物家具',47),(1112,NULL,'阳台/户外',47),(1113,NULL,'商业办公',47),(1114,NULL,'床',47),(1115,NULL,'床垫',47),(1116,NULL,'沙发',47),(1117,NULL,'电脑椅',47),(1118,NULL,'衣柜',47),(1119,NULL,'茶几',47),(1120,NULL,'电视柜',47),(1121,NULL,'餐桌',47),(1122,NULL,'电脑桌',47),(1123,NULL,'鞋架/衣帽架',47),(1124,NULL,'家装3免1',48),(1125,NULL,'灯饰照明',48),(1126,NULL,'厨房卫浴',48),(1127,NULL,'五金工具',48),(1128,NULL,'电工电料',48),(1129,NULL,'墙地面材料',48),(1130,NULL,'装饰材料',48),(1131,NULL,'装修服务',48),(1132,NULL,'吸顶灯',48),(1133,NULL,'淋浴花洒',48),(1134,NULL,'开关插座',48),(1135,NULL,'油漆涂料',48),(1136,NULL,'龙头',48),(1137,NULL,'智能马桶盖',48),(1138,NULL,'监控安防',48),(1139,NULL,'门铃',48),(1598,NULL,'女装3免1',49),(1599,NULL,'毛呢大衣',49),(1600,NULL,'羽绒服',49),(1601,NULL,'连衣裙',49),(1602,NULL,'针织衫',49),(1603,NULL,'卫衣',49),(1604,NULL,'牛仔裤',49),(1605,NULL,'风衣',49),(1606,NULL,'T恤',49),(1607,NULL,'衬衫',49),(1608,NULL,'短外套',49),(1609,NULL,'打底衫',49),(1610,NULL,'打底裤',49),(1611,NULL,'棉服',49),(1612,NULL,'皮草',49),(1613,NULL,'羊毛衫',49),(1614,NULL,'羊绒衫',49),(1615,NULL,'真皮皮衣',49),(1616,NULL,'小西装',49),(1617,NULL,'休闲裤',49),(1618,NULL,'大码女装',49),(1619,NULL,'中老年女装',49),(1620,NULL,'设计师/潮牌',49),(1621,NULL,'半身裙',49),(1622,NULL,'仿皮皮衣',49),(1623,NULL,'马甲',49),(1624,NULL,'正装裤',49),(1625,NULL,'加绒裤',49),(1626,NULL,'婚纱',49),(1627,NULL,'礼服',49),(1628,NULL,'旗袍/唐装',49),(1629,NULL,'雪纺衫',49),(1630,NULL,'吊带/背心',49),(1631,NULL,'短裤',49),(1662,NULL,'男装3免1',50),(1663,NULL,'羽绒服_',50),(1664,NULL,'棉服_',50),(1665,NULL,'针织衫_',50),(1666,NULL,'夹克',50),(1667,NULL,'羊毛衫_',50),(1668,NULL,'加绒裤_',50),(1669,NULL,'真皮皮衣_',50),(1670,NULL,'卫衣_',50),(1671,NULL,'T恤_',50),(1672,NULL,'马甲/背心_',50),(1673,NULL,'西服套装_',50),(1674,NULL,'牛仔裤_',50),(1675,NULL,'休闲裤_',50),(1676,NULL,'衬衫_',50),(1677,NULL,'毛呢大衣_',50),(1678,NULL,'风衣_',50),(1679,NULL,'仿皮皮衣_',50),(1680,NULL,'西服_',50),(1681,NULL,'西裤_',50),(1682,NULL,'卫裤/运动裤_',50),(1683,NULL,'POLO衫_',50),(1684,NULL,'短裤_',50),(1685,NULL,'中老年男装_',50),(1686,NULL,'大码男装_',50),(1687,NULL,'羊绒衫_',50),(1688,NULL,'设计师/潮牌_',50),(1689,NULL,'工装_',50),(1690,NULL,'唐装/中山装_',50),(1705,NULL,'保暖内衣_',51),(1706,NULL,'秋衣秋裤_',51),(1707,NULL,'男式内裤_',51),(1708,NULL,'女式内裤_',51),(1709,NULL,'休闲棉袜_',51),(1710,NULL,'商务男袜_',51),(1711,NULL,'吊带/背心_',51),(1712,NULL,'大码内衣_',51),(1713,NULL,'打底衫_',51),(1714,NULL,'睡衣/家居服_',51),(1715,NULL,'文胸_',51),(1716,NULL,'打底裤袜_',51),(1717,NULL,'连裤袜/丝袜_',51),(1718,NULL,'文胸套装_',51),(1719,NULL,'情侣睡衣_',51),(1720,NULL,'少女文胸_',51),(1721,NULL,'抹胸_',51),(1722,NULL,'内衣配件_',51),(1723,NULL,'塑身美体_',51),(1724,NULL,'美腿袜_',51),(1725,NULL,'泳衣_',51),(1726,NULL,'情趣内衣_',51),(1727,NULL,'女士丝巾/围巾/披肩_',52),(1728,NULL,'男士腰带/礼盒_',52),(1729,NULL,'太阳镜_',52),(1730,NULL,'光学镜架/镜片_',52),(1731,NULL,'防辐射眼镜_',52),(1732,NULL,'棒球帽_',52),(1733,NULL,'贝雷帽_',52),(1734,NULL,'鸭舌帽_',52),(1735,NULL,'男士丝巾/围巾_',52),(1736,NULL,'真皮手套_',52),(1737,NULL,'毛线手套_',52),(1738,NULL,'围巾/手套/帽子套装_',52),(1739,NULL,'老花镜_',52),(1740,NULL,'礼帽_',52),(1741,NULL,'遮阳帽_',52),(1742,NULL,'口罩_',52),(1743,NULL,'游泳镜_',52),(1744,NULL,'毛线帽_',52),(1745,NULL,'女士腰带/礼盒_',52),(1746,NULL,'遮阳伞/雨伞_',52),(1747,NULL,'毛线/布面料_',52),(1748,NULL,'领带/领结/领带夹_',52),(1749,NULL,'耳罩/耳包_',52),(1750,NULL,'袖扣_',52),(1751,NULL,'钥匙扣',52),(1752,NULL,'羽绒服/棉服=',53),(1753,NULL,'套装=',53),(1754,NULL,'上衣=',53),(1755,NULL,'裤子=',53),(1756,NULL,'内衣=',53),(1757,NULL,'配饰=',53),(1758,NULL,'运动鞋=',53),(1759,NULL,'靴子=',53),(1760,NULL,'皮鞋/帆布鞋=',53),(1761,NULL,'功能鞋=',53),(1762,NULL,'亲子装=',53),(1763,NULL,'运动服=',53),(1764,NULL,'演出服=',53),(1765,NULL,'裙子=',53),(1766,NULL,'凉鞋=',53),(1901,NULL,'卸妆',54),(1902,NULL,'洁面',54),(1903,NULL,'爽肤水',54),(1904,NULL,'乳液面霜',54),(1905,NULL,'精华',54),(1906,NULL,'眼霜',54),(1907,NULL,'防晒',54),(1908,NULL,'面膜',54),(1909,NULL,'剃须',54),(1910,NULL,'套装',54),(1918,NULL,'洗发',55),(1919,NULL,'护发',55),(1920,NULL,'染发',55),(1921,NULL,'造型',55),(1922,NULL,'假发',55),(1923,NULL,'美发工具',55),(1924,NULL,'套装_',55),(1941,NULL,'沐浴',56),(1942,NULL,'润肤',56),(1943,NULL,'精油',56),(1944,NULL,'颈部',56),(1945,NULL,'手足',56),(1946,NULL,'纤体塑形',56),(1947,NULL,'美胸',56),(1948,NULL,'套装==',56),(1949,NULL,'牙膏/牙粉',57),(1950,NULL,'牙刷/牙线',57),(1951,NULL,'漱口水',57),(1952,NULL,'套装===',57),(1953,NULL,'卫生巾',58),(1954,NULL,'卫生护垫',58),(1955,NULL,'私密护理',58),(1956,NULL,'脱毛膏',58),(1957,NULL,'女士香水',59),(1958,NULL,'男士香水',59),(1959,NULL,'底妆',59),(1960,NULL,'眉笔',59),(1961,NULL,'睫毛膏',59),(1962,NULL,'眼线',59),(1963,NULL,'眼影',59),(1964,NULL,'唇膏/彩',59),(1965,NULL,'腮红',59),(1966,NULL,'美甲',59),(1967,NULL,'美妆工具',59),(1968,NULL,'套装====',59),(1972,NULL,'纸品湿巾',60),(1973,NULL,'衣物清洁',60),(1974,NULL,'清洁工具_',60),(1975,NULL,'家庭清洁',60),(1976,NULL,'一次性用品',60),(1977,NULL,'驱虫用品',60),(1978,NULL,'皮具护理',60),(1979,NULL,'水族用品',61),(1980,NULL,'宠物主粮',61),(1981,NULL,'宠物零食',61),(1982,NULL,'猫砂/尿布',61),(1983,NULL,'洗护美容',61),(1984,NULL,'家居日用',61),(1985,NULL,'医疗保健',61),(1986,NULL,'出行装备',61),(1987,NULL,'宠物玩具',61),(1988,NULL,'宠物牵引',61),(1989,NULL,'宠物驱虫',61),(2482,NULL,'鞋包3免1',62),(2483,NULL,'女靴',62),(2484,NULL,'单鞋',62),(2485,NULL,'休闲鞋_',62),(2486,NULL,'高跟鞋',62),(2487,NULL,'内增高',62),(2488,NULL,'坡跟鞋',62),(2489,NULL,'松糕鞋',62),(2490,NULL,'防水台',62),(2491,NULL,'鱼嘴鞋',62),(2492,NULL,'布鞋/绣花鞋',62),(2493,NULL,'拖鞋/人字拖_',62),(2494,NULL,'马丁靴',62),(2495,NULL,'踝靴',62),(2496,NULL,'雪地靴',62),(2497,NULL,'妈妈鞋',62),(2498,NULL,'帆布鞋_',62),(2499,NULL,'雨鞋/雨靴_',62),(2500,NULL,'凉鞋',62),(2501,NULL,'鞋配件_',62),(2502,NULL,'休闲鞋',63),(2503,NULL,'商务休闲鞋',63),(2504,NULL,'正装鞋',63),(2505,NULL,'工装鞋',63),(2506,NULL,'男靴',63),(2507,NULL,'帆布鞋',63),(2508,NULL,'功能鞋',63),(2509,NULL,'增高鞋',63),(2510,NULL,'定制鞋',63),(2511,NULL,'拖鞋/人字拖',63),(2512,NULL,'凉鞋/沙滩鞋',63),(2513,NULL,'雨鞋/雨靴',63),(2514,NULL,'传统布鞋',63),(2515,NULL,'鞋配件',63),(2516,NULL,'单肩包',64),(2517,NULL,'手提包',64),(2518,NULL,'斜挎包',64),(2519,NULL,'双肩包_',64),(2520,NULL,'钱包_',64),(2521,NULL,'手拿包',64),(2522,NULL,'卡包/零钱包',64),(2523,NULL,'钥匙包_',64),(2524,NULL,'真皮包',64),(2525,NULL,'帆布包',64),(2526,NULL,'小方包',64),(2527,NULL,'水桶包',64),(2528,NULL,'链条包',64),(2529,NULL,'贝壳包',64),(2530,NULL,'男士钱包',65),(2531,NULL,'单肩/斜挎包',65),(2532,NULL,'商务公文包',65),(2533,NULL,'双肩包',65),(2534,NULL,'男士手包',65),(2535,NULL,'卡包名片夹',65),(2536,NULL,'钥匙包',65),(2537,NULL,'拉杆箱',66),(2538,NULL,'拉杆包',66),(2539,NULL,'旅行包',66),(2540,NULL,'电脑包',66),(2541,NULL,'休闲运动包',66),(2542,NULL,'书包',66),(2543,NULL,'登山包',66),(2544,NULL,'腰包/胸包',66),(2545,NULL,'旅行配件',66),(2546,NULL,'相机包_',66),(2547,NULL,'妈咪包',66),(2548,NULL,'奢品3免1',67),(2549,NULL,'箱包',67),(2550,NULL,'钱包=',67),(2551,NULL,'服饰',67),(2552,NULL,'腰带',67),(2553,NULL,'鞋靴',67),(2554,NULL,'太阳镜/眼镜框',67),(2555,NULL,'饰品',67),(2556,NULL,'配件',67),(2557,NULL,'GUCCI',68),(2558,NULL,'COACH',68),(2559,NULL,'雷朋',68),(2560,NULL,'施华洛世奇',68),(2561,NULL,'MK',68),(2562,NULL,'阿玛尼',68),(2563,NULL,'菲拉格慕',68),(2564,NULL,'VERSACE',68),(2565,NULL,'普拉达',68),(2566,NULL,'巴宝莉',68),(2567,NULL,'万宝龙',68),(2568,NULL,'电子烟',69),(2569,NULL,'火机烟具',69),(2570,NULL,'军刀军具',69),(2571,NULL,'美妆礼品',69),(2572,NULL,'工艺礼品',69),(2573,NULL,'礼盒礼券',69),(2574,NULL,'礼品文具',69),(2575,NULL,'收藏品',69),(2576,NULL,'古董文玩',69),(2577,NULL,'礼品定制',69),(2578,NULL,'创意礼品',69),(2579,NULL,'电子礼品',69),(2580,NULL,'婚庆节庆',69),(2581,NULL,'鲜花',69),(2582,NULL,'绿植',69),(2583,NULL,'熏香',69),(2584,NULL,'京东卡',69),(2585,NULL,'珠宝3免1',70),(2586,NULL,'黄金',70),(2587,NULL,'K金',70),(2588,NULL,'时尚饰品',70),(2589,NULL,'钻石',70),(2590,NULL,'翡翠玉石',70),(2591,NULL,'银饰',70),(2592,NULL,'水晶玛瑙',70),(2593,NULL,'彩宝',70),(2594,NULL,'铂金',70),(2595,NULL,'木手串/把件',70),(2596,NULL,'珍珠',70),(2597,NULL,'投资金',71),(2598,NULL,'投资银',71),(2599,NULL,'投资收藏',71),(2600,NULL,'黄金托管',71),(3487,NULL,'跑步鞋',72),(3488,NULL,'休闲鞋==',72),(3489,NULL,'篮球鞋',72),(3490,NULL,'帆布鞋==',72),(3491,NULL,'板鞋',72),(3492,NULL,'拖鞋',72),(3493,NULL,'运动包',72),(3494,NULL,'足球鞋',72),(3495,NULL,'乒羽网鞋',72),(3496,NULL,'训练鞋',72),(3497,NULL,'专项运动鞋',72),(3498,NULL,'运动3免1',73),(3499,NULL,'T恤==',73),(3500,NULL,'运动裤',73),(3501,NULL,'健身服',73),(3502,NULL,'运动套装',73),(3503,NULL,'运动背心',73),(3504,NULL,'羽绒服==',73),(3505,NULL,'卫衣/套头衫',73),(3506,NULL,'棉服==',73),(3507,NULL,'夹克/风衣',73),(3508,NULL,'运动配饰',73),(3509,NULL,'乒羽网服',73),(3510,NULL,'毛衫/线衫',73),(3511,NULL,'健身3免1',74),(3512,NULL,'跑步机',74),(3513,NULL,'健身车/动感单车',74),(3514,NULL,'哑铃',74),(3515,NULL,'仰卧板/收腹机',74),(3516,NULL,'甩脂机',74),(3517,NULL,'踏步机',74),(3518,NULL,'运动护具',74),(3519,NULL,'瑜伽舞蹈',74),(3520,NULL,'武术搏击',74),(3521,NULL,'综合训练器',74),(3522,NULL,'其他大型器械',74),(3523,NULL,'其他中小型器材',74),(3524,NULL,'山地车/公路车',75),(3525,NULL,'折叠车',75),(3526,NULL,'电动车',75),(3527,NULL,'平衡车',75),(3528,NULL,'其他整车',75),(3529,NULL,'骑行装备',75),(3530,NULL,'骑行服',75),(3531,NULL,'乒乓球',76),(3532,NULL,'羽毛球',76),(3533,NULL,'篮球',76),(3534,NULL,'足球',76),(3535,NULL,'轮滑滑板',76),(3536,NULL,'网球',76),(3537,NULL,'高尔夫',76),(3538,NULL,'台球',76),(3539,NULL,'排球',76),(3540,NULL,'棋牌麻将',76),(3541,NULL,'_其它',76),(3542,NULL,'户外风衣',77),(3543,NULL,'徒步鞋',77),(3544,NULL,'T恤===',77),(3545,NULL,'冲锋衣裤',77),(3546,NULL,'速干衣裤',77),(3547,NULL,'越野跑鞋',77),(3548,NULL,'滑雪服',77),(3549,NULL,'羽绒服/棉服',77),(3550,NULL,'休闲衣裤',77),(3551,NULL,'抓绒衣裤',77),(3552,NULL,'溯溪鞋',77),(3553,NULL,'沙滩/凉拖',77),(3554,NULL,'休闲鞋===',77),(3555,NULL,'软壳衣裤',77),(3556,NULL,'功能内衣',77),(3557,NULL,'军迷服饰',77),(3558,NULL,'登山鞋',77),(3559,NULL,'工装鞋==',77),(3560,NULL,'户外袜',77),(3561,NULL,'户外3免1',78),(3562,NULL,'帐篷/垫子',78),(3563,NULL,'望远镜',78),(3564,NULL,'野餐烧烤',78),(3565,NULL,'便携桌椅床',78),(3566,NULL,'背包',78),(3567,NULL,'户外配饰',78),(3568,NULL,'军迷用品',78),(3569,NULL,'睡袋/吊床',78),(3570,NULL,'救援装备',78),(3571,NULL,'户外照明',78),(3572,NULL,'旅游用品',78),(3573,NULL,'户外工具',78),(3574,NULL,'户外仪表',78),(3575,NULL,'登山攀岩',78),(3576,NULL,'极限户外',78),(3577,NULL,'冲浪潜水',78),(3578,NULL,'滑雪装备',78),(3585,NULL,'鱼竿鱼线',79),(3586,NULL,'浮漂鱼饵',79),(3587,NULL,'钓鱼桌椅',79),(3588,NULL,'钓鱼配件',79),(3589,NULL,'钓箱鱼包',79),(3597,NULL,'泳镜',80),(3598,NULL,'男士泳衣',80),(3599,NULL,'女士泳衣',80),(3600,NULL,'比基尼',80),(3601,NULL,'泳帽',80),(3602,NULL,'游泳包防水包',80),(3603,NULL,'其它类型',80),(3612,NULL,'钟表3免1',81),(3613,NULL,'瑞表',81),(3614,NULL,'国表',81),(3615,NULL,'日韩表',81),(3616,NULL,'欧美表',81),(3617,NULL,'德表',81),(3618,NULL,'儿童手表',81),(3619,NULL,'智能手表_',81),(3620,NULL,'闹钟',81),(3621,NULL,'座钟挂钟',81),(3622,NULL,'钟表配件',81),(3870,NULL,'微型车',82),(3871,NULL,'小型车',82),(3872,NULL,'紧凑型车',82),(3873,NULL,'中型车',82),(3874,NULL,'中大型车',82),(3875,NULL,'豪华车',82),(3876,NULL,'MPV',82),(3877,NULL,'SUV',82),(3878,NULL,'跑车',82),(3879,NULL,'5万以下',83),(3880,NULL,'5-8万',83),(3881,NULL,'8-10万',83),(3882,NULL,'10-15万',83),(3883,NULL,'15-25万',83),(3884,NULL,'25-40万',83),(3885,NULL,'40万以上',83),(3886,NULL,'宝马',84),(3887,NULL,'上汽大众',84),(3888,NULL,'陆风',84),(3889,NULL,'一汽奔腾',84),(3890,NULL,'东风标致',84),(3891,NULL,'比亚迪',84),(3892,NULL,'华晨汽车',84),(3893,NULL,'养护3免1',85),(3894,NULL,'机油',85),(3895,NULL,'添加剂',85),(3896,NULL,'防冻液',85),(3897,NULL,'滤清器',85),(3898,NULL,'火花塞',85),(3899,NULL,'雨刷',85),(3900,NULL,'车灯',85),(3901,NULL,'减震器',85),(3902,NULL,'轮胎',85),(3903,NULL,'轮毂',85),(3904,NULL,'刹车片/盘',85),(3905,NULL,'维修配件',85),(3906,NULL,'蓄电池',85),(3907,NULL,'底盘装甲/护板',85),(3908,NULL,'贴膜_',85),(3909,NULL,'汽修工具',85),(3910,NULL,'改装配件',85),(3911,NULL,'正时皮带',85),(3912,NULL,'汽车喇叭',85),(3913,NULL,'汽车玻璃',85),(3914,NULL,'车品3免1',86),(3915,NULL,'行车记录仪',86),(3916,NULL,'导航仪',86),(3917,NULL,'电源_',86),(3918,NULL,'电器配件',86),(3919,NULL,'净化器_',86),(3920,NULL,'车载影音',86),(3921,NULL,'冰箱_',86),(3922,NULL,'安全预警仪',86),(3923,NULL,'倒车雷达',86),(3924,NULL,'蓝牙设备',86),(3925,NULL,'智能驾驶',86),(3926,NULL,'车载电台',86),(3927,NULL,'吸尘器_',86),(3928,NULL,'智能车机',86),(3929,NULL,'汽车音响',86),(3930,NULL,'车载生活电器',86),(3931,NULL,'车蜡',87),(3932,NULL,'镀晶镀膜',87),(3933,NULL,'补漆笔',87),(3934,NULL,'玻璃水',87),(3935,NULL,'清洁剂',87),(3936,NULL,'洗车机',87),(3937,NULL,'洗车水枪',87),(3938,NULL,'洗车配件',87),(3939,NULL,'毛巾掸子',87),(3940,NULL,'装饰3免1',88),(3941,NULL,'脚垫',88),(3942,NULL,'座垫',88),(3943,NULL,'座套',88),(3944,NULL,'后备箱垫',88),(3945,NULL,'方向盘套',88),(3946,NULL,'头枕腰靠',88),(3947,NULL,'香水',88),(3948,NULL,'空气净化',88),(3949,NULL,'功能小件',88),(3950,NULL,'车衣',88),(3951,NULL,'挂件摆件',88),(3952,NULL,'车身装饰件',88),(3953,NULL,'安全座椅',89),(3954,NULL,'胎压监测',89),(3955,NULL,'充气泵',89),(3956,NULL,'防盗设备',89),(3957,NULL,'应急救援',89),(3958,NULL,'保温箱',89),(3959,NULL,'储物箱',89),(3960,NULL,'自驾野营',89),(3961,NULL,'摩托车装备',89),(3962,NULL,'摩托车',89),(3963,NULL,'赛事服装',90),(3964,NULL,'赛事用品',90),(3965,NULL,'制动系统',90),(3966,NULL,'悬挂系统',90),(3967,NULL,'进气系统',90),(3968,NULL,'排气系统',90),(3969,NULL,'电子管理',90),(3970,NULL,'车身强化',90),(3971,NULL,'清洗美容',91),(3972,NULL,'功能升级',91),(3973,NULL,'保养维修',91),(3974,NULL,'驾驶培训',91),(3975,NULL,'ETC',91),(3976,NULL,'加油卡',91),(3977,NULL,'油卡充值',91),(4189,NULL,'1段',92),(4190,NULL,'2段',92),(4191,NULL,'3段',92),(4192,NULL,'4段',92),(4193,NULL,'孕妈奶粉',92),(4194,NULL,'特殊配方奶粉',92),(4195,NULL,'有机奶粉',92),(4196,NULL,'米粉/菜粉',93),(4197,NULL,'面条/粥',93),(4198,NULL,'果泥/果汁',93),(4199,NULL,'益生菌/初乳',93),(4200,NULL,'DHA',93),(4201,NULL,'钙铁锌/维生素',93),(4202,NULL,'清火/开胃',93),(4203,NULL,'宝宝零食',93),(4204,NULL,'NB',94),(4205,NULL,'S',94),(4206,NULL,'M',94),(4207,NULL,'L',94),(4208,NULL,'XL',94),(4209,NULL,'XXL',94),(4210,NULL,'拉拉裤',94),(4211,NULL,'成人尿裤',94),(4212,NULL,'婴儿湿巾',94),(4213,NULL,'奶瓶奶嘴',95),(4214,NULL,'吸奶器',95),(4215,NULL,'暖奶消毒',95),(4216,NULL,'辅食料理机',95),(4217,NULL,'牙胶安抚',95),(4218,NULL,'食物存储',95),(4219,NULL,'儿童餐具',95),(4220,NULL,'水壶/水杯',95),(4221,NULL,'围兜/防溅衣',95),(4222,NULL,'宝宝护肤',96),(4223,NULL,'日常护理',96),(4224,NULL,'洗发沐浴',96),(4225,NULL,'洗澡用具',96),(4226,NULL,'洗衣液/皂',96),(4227,NULL,'理发器_',96),(4228,NULL,'婴儿口腔清洁',96),(4229,NULL,'坐便器',96),(4230,NULL,'驱蚊防晒',96),(4231,NULL,'睡袋/抱被',97),(4232,NULL,'家居床品',97),(4233,NULL,'安全防护',97),(4234,NULL,'爬行垫',97),(4235,NULL,'婴儿内衣',97),(4236,NULL,'婴儿礼盒',97),(4237,NULL,'婴儿鞋帽袜',97),(4238,NULL,'婴儿外出服',97),(4239,NULL,'防辐射服',98),(4240,NULL,'孕妈装',98),(4241,NULL,'孕妇护肤',98),(4242,NULL,'妈咪包/背婴带',98),(4243,NULL,'待产护理',98),(4244,NULL,'产后塑身',98),(4245,NULL,'文胸/内裤',98),(4246,NULL,'防溢乳垫',98),(4247,NULL,'孕期一样',98),(4248,NULL,'安全座椅_',99),(4249,NULL,'婴儿推车',99),(4250,NULL,'婴儿床',99),(4251,NULL,'婴儿床垫',99),(4252,NULL,'餐椅',99),(4253,NULL,'学步车',99),(4254,NULL,'三轮车',99),(4255,NULL,'自行车',99),(4256,NULL,'扭扭车',99),(4257,NULL,'滑板车',99),(4258,NULL,'电动车_',99),(4259,NULL,'适用年龄',100),(4260,NULL,'遥控/电动',100),(4261,NULL,'益智玩具',100),(4262,NULL,'积木拼插',100),(4263,NULL,'动漫玩具',100),(4264,NULL,'毛绒布艺',100),(4265,NULL,'模型玩具',100),(4266,NULL,'健身玩具',100),(4267,NULL,'娃娃玩具',100),(4268,NULL,'DIY玩具',100),(4269,NULL,'创意减压',100),(4270,NULL,'钢琴',101),(4271,NULL,'电子琴/电钢琴',101),(4272,NULL,'吉他/尤克里里',101),(4273,NULL,'打击乐器',101),(4274,NULL,'西洋管弦',101),(4275,NULL,'民族乐器',101),(4276,NULL,'乐器配件',101),(4701,NULL,'进口水果',102),(4702,NULL,'国产水果',102),(4703,NULL,'苹果',102),(4704,NULL,'奇异果',102),(4705,NULL,'车厘子',102),(4706,NULL,'橙子',102),(4707,NULL,'牛油果',102),(4708,NULL,'火龙果',102),(4709,NULL,'榴莲',102),(4710,NULL,'柠檬',102),(4711,NULL,'芒果',102),(4712,NULL,'时令水果',102),(4713,NULL,'虾类',103),(4714,NULL,'鱼类',103),(4715,NULL,'蟹类',103),(4716,NULL,'贝类',103),(4717,NULL,'海参',103),(4718,NULL,'海产干货',103),(4719,NULL,'三文鱼',103),(4720,NULL,'北极甜虾',103),(4721,NULL,'扇贝',103),(4722,NULL,'黄花鱼',103),(4723,NULL,'大闸蟹',103),(4724,NULL,'鲜活水产',103),(4725,NULL,'牛肉',104),(4726,NULL,'猪肉',104),(4727,NULL,'羊肉',104),(4728,NULL,'鸡肉',104),(4729,NULL,'特色禽类',104),(4730,NULL,'牛排',104),(4731,NULL,'牛腩',104),(4732,NULL,'牛腱',104),(4733,NULL,'肋排',104),(4734,NULL,'鸡翅',104),(4735,NULL,'冷鲜肉',104),(4736,NULL,'咸鸭蛋',104),(4737,NULL,'鸡蛋',104),(4738,NULL,'根茎类',105),(4739,NULL,'茄瓜果类',105),(4740,NULL,'叶菜类',105),(4741,NULL,'葱姜蒜椒',105),(4742,NULL,'鲜菌菇',105),(4743,NULL,'半加工蔬菜',105),(4744,NULL,'西红柿',105),(4745,NULL,'玉米',105),(4746,NULL,'山药',105),(4747,NULL,'水饺',106),(4748,NULL,'面点',106),(4749,NULL,'速冻半成品',106),(4750,NULL,'火锅丸串',106),(4751,NULL,'奶酪/黄油',106),(4752,NULL,'汤圆',106),(4753,NULL,'冰激凌',106),(4754,NULL,'低温奶',106),(4755,NULL,'白酒',107),(4756,NULL,'葡萄酒',107),(4757,NULL,'洋酒',107),(4758,NULL,'啤酒',107),(4759,NULL,'黄酒/养生酒',107),(4760,NULL,'收藏酒/陈年老酒',107),(4761,NULL,'牛奶',108),(4762,NULL,'饼干蛋糕',108),(4763,NULL,'糖果/巧克力',108),(4764,NULL,'休闲零食',108),(4765,NULL,'冲调饮品',108),(4766,NULL,'粮油调味_',108),(4781,NULL,'休闲零食_',109),(4782,NULL,'坚果炒货',109),(4783,NULL,'肉干肉脯',109),(4784,NULL,'熟食腊味',109),(4785,NULL,'蜜饯果干',109),(4786,NULL,'糖果/巧克力_',109),(4787,NULL,'饼干蛋糕_',109),(4788,NULL,'无糖食品',109),(4789,NULL,'月饼',109),(4790,NULL,'新疆',110),(4791,NULL,'四川',110),(4792,NULL,'云南',110),(4793,NULL,'湖南',110),(4794,NULL,'内蒙',110),(4795,NULL,'北京',110),(4796,NULL,'山西',110),(4797,NULL,'福建',110),(4798,NULL,'东北',110),(4799,NULL,'其他',110),(4800,NULL,'铁观音',111),(4801,NULL,'普洱',111),(4802,NULL,'龙井',111),(4803,NULL,'绿茶',111),(4804,NULL,'红茶',111),(4805,NULL,'乌龙茶',111),(4806,NULL,'花草茶',111),(4807,NULL,'花果茶',111),(4808,NULL,'黑茶',111),(4809,NULL,'白茶',111),(4810,NULL,'养生茶',111),(4811,NULL,'其他茶',111),(4812,NULL,'饮料',112),(4813,NULL,'饮用水',112),(4814,NULL,'咖啡/奶茶',112),(4815,NULL,'蜂蜜/柚子茶',112),(4816,NULL,'冲饮谷物',112),(4817,NULL,'成人奶粉',112),(4818,NULL,'米面杂粮',113),(4819,NULL,'食用油',113),(4820,NULL,'调味品',113),(4821,NULL,'南北干货',113),(4822,NULL,'方便食品',113),(4823,NULL,'烘焙原料',113),(4824,NULL,'有机食品',113),(4875,NULL,'感冒咳嗽',114),(4876,NULL,'补肾壮阳',114),(4877,NULL,'补气养血',114),(4878,NULL,'止痛镇痛',114),(4879,NULL,'耳鼻喉用药',114),(4880,NULL,'眼科用药',114),(4881,NULL,'口腔用药',114),(4882,NULL,'皮肤用药',114),(4883,NULL,'肠胃消化',114),(4884,NULL,'风湿骨外伤',114),(4885,NULL,'男科/泌尿',114),(4886,NULL,'妇科用药',114),(4887,NULL,'儿科用药',114),(4888,NULL,'心脑血管',114),(4889,NULL,'肝胆用药',114),(4890,NULL,'保健3免1',115),(4891,NULL,'调节免疫',115),(4892,NULL,'调节三高',115),(4893,NULL,'缓解疲劳',115),(4894,NULL,'美体塑身',115),(4895,NULL,'美容养颜',115),(4896,NULL,'肝肾养护',115),(4897,NULL,'肠胃养护',115),(4898,NULL,'明目益智',115),(4899,NULL,'骨骼健康',115),(4900,NULL,'改善睡眠',115),(4901,NULL,'抗氧化',115),(4902,NULL,'耐缺氧',115),(4903,NULL,'维生素/矿物质',116),(4904,NULL,'蛋白质',116),(4905,NULL,'鱼油/磷脂',116),(4906,NULL,'螺旋藻',116),(4907,NULL,'番茄红素',116),(4908,NULL,'叶酸',116),(4909,NULL,'葡萄籽',116),(4910,NULL,'左旋肉碱',116),(4911,NULL,'辅酶Q10',116),(4912,NULL,'益生菌',116),(4913,NULL,'玛咖',116),(4914,NULL,'膳食纤维',116),(4915,NULL,'牛初乳',116),(4916,NULL,'胶原蛋白',116),(4917,NULL,'大豆异黄酮',116),(4918,NULL,'芦荟提取',116),(4919,NULL,'酵素',116),(4920,NULL,'阿胶',117),(4921,NULL,'蜂蜜/蜂产品',117),(4922,NULL,'枸杞',117),(4923,NULL,'燕窝',117),(4924,NULL,'海参_',117),(4925,NULL,'冬虫夏草',117),(4926,NULL,'人参/西洋参',117),(4927,NULL,'三七',117),(4928,NULL,'鹿茸',117),(4929,NULL,'雪蛤',117),(4930,NULL,'青钱柳',117),(4931,NULL,'石斛/枫斗',117),(4932,NULL,'灵芝/孢子粉',117),(4933,NULL,'当归',117),(4934,NULL,'养生茶饮',117),(4935,NULL,'药食同源',117),(4936,NULL,'安全避孕',118),(4937,NULL,'验孕测孕',118),(4938,NULL,'人体润滑',118),(4939,NULL,'男用延时',118),(4940,NULL,'男用器具',118),(4941,NULL,'女用器具',118),(4942,NULL,'情趣内衣',118),(4943,NULL,'器械3免1',119),(4944,NULL,'血压计',119),(4945,NULL,'血糖仪',119),(4946,NULL,'血氧仪',119),(4947,NULL,'体温计',119),(4948,NULL,'体重秤',119),(4949,NULL,'胎心仪',119),(4950,NULL,'呼吸制氧',119),(4951,NULL,'雾化器',119),(4952,NULL,'助听器',119),(4953,NULL,'轮椅',119),(4954,NULL,'拐杖',119),(4955,NULL,'中医保健',119),(4956,NULL,'养生器械',119),(4957,NULL,'理疗仪',119),(4958,NULL,'家庭护理',119),(4959,NULL,'智能健康',119),(4960,NULL,'隐形眼镜',120),(4961,NULL,'护理液',120),(4962,NULL,'口罩',120),(4963,NULL,'眼罩/耳塞',120),(4964,NULL,'跌打损伤',120),(4965,NULL,'暖贴',120),(4966,NULL,'鼻喉护理',120),(4967,NULL,'眼部保健',120),(4968,NULL,'美体护理',120),(5253,NULL,'音乐',121),(5254,NULL,'影视',121),(5255,NULL,'教育音像',121),(5256,NULL,'游戏_',121),(5257,NULL,'影视/动漫周边',121),(5258,NULL,'0-2岁',122),(5259,NULL,'3-6岁',122),(5260,NULL,'7-10岁',122),(5261,NULL,'11-14岁',122),(5262,NULL,'儿童文学',122),(5263,NULL,'绘本',122),(5264,NULL,'科普',122),(5265,NULL,'幼儿启蒙',122),(5266,NULL,'手工游戏',122),(5267,NULL,'智力开发',122),(5268,NULL,'教材',123),(5269,NULL,'中小学教辅',123),(5270,NULL,'考试',123),(5271,NULL,'外语学习',123),(5272,NULL,'字典词典',123),(5273,NULL,'小说',124),(5274,NULL,'文学',124),(5275,NULL,'青春文学',124),(5276,NULL,'传记',124),(5277,NULL,'动漫',124),(5278,NULL,'艺术',124),(5279,NULL,'摄影',124),(5280,NULL,'书法',124),(5281,NULL,'音乐_',124),(5282,NULL,'绘画',124),(5283,NULL,'管理',125),(5284,NULL,'金融与投资',125),(5285,NULL,'经济',125),(5286,NULL,'励志与成功_',125),(5287,NULL,'历史',126),(5288,NULL,'心理学',126),(5289,NULL,'政治/军事',126),(5290,NULL,'国学/古籍',126),(5291,NULL,'哲学/宗教',126),(5292,NULL,'社会科学',126),(5293,NULL,'法律',126),(5294,NULL,'文化',126),(5295,NULL,'育儿/家教',127),(5296,NULL,'孕产/胎教',127),(5297,NULL,'健身保健',127),(5298,NULL,'旅游/地图',127),(5299,NULL,'美食',127),(5300,NULL,'时尚美妆',127),(5301,NULL,'家居',127),(5302,NULL,'手工DIY',127),(5303,NULL,'两性',127),(5304,NULL,'体育',127),(5305,NULL,'计算机与互联网',128),(5306,NULL,'科普_',128),(5307,NULL,'建筑',128),(5308,NULL,'工业技术',128),(5309,NULL,'电子/通信',128),(5310,NULL,'医学',128),(5311,NULL,'科学与自然',128),(5312,NULL,'农林',128),(5313,NULL,'杂志/期刊',129),(5314,NULL,'英文原版书',129),(5315,NULL,'港台图书',129),(5324,NULL,'畅读VIP',130),(5325,NULL,'小说_',130),(5326,NULL,'励志与成功=',130),(5327,NULL,'经济金融',130),(5328,NULL,'文学_',130),(5329,NULL,'社科',130),(5330,NULL,'婚恋两性',130),(5331,NULL,'外文原版',130),(5332,NULL,'免费',130),(5333,NULL,'通俗流行',131),(5334,NULL,'古典音乐',131),(5335,NULL,'摇滚说唱',131),(5336,NULL,'爵士蓝调',131),(5337,NULL,'乡村民谣',131),(5338,NULL,'有声读物',131),(5339,NULL,'京东小金库',143),(5340,NULL,'票据理财',143),(5341,NULL,'基金理财',143),(5342,NULL,'定期理财',143),(5343,NULL,'固收理财',143),(5344,NULL,'妈妈理财',143),(5345,NULL,'智能硬件',144),(5346,NULL,'流行文化',144),(5347,NULL,'生活美学',144),(5348,NULL,'公益',144),(5349,NULL,'其他权益众筹',144),(5350,NULL,'私募股权',145),(5351,NULL,'京东白条',146),(5352,NULL,'白条联名卡',146),(5353,NULL,'京东钢镚',146),(5354,NULL,'旅游白条',146),(5355,NULL,'安居白条',146),(5356,NULL,'校园白条',146),(5357,NULL,'京东金采',146),(5358,NULL,'京东钱包',147),(5359,NULL,'车险',148),(5360,NULL,'健康险',148),(5361,NULL,'意外险',148),(5362,NULL,'旅行险',148);

/*Table structure for table `qin_user7` */

DROP TABLE IF EXISTS `qin_user7`;

CREATE TABLE `qin_user7` (
  `id` int(11) NOT NULL AUTO_INCREMENT,
  `birthdate` date DEFAULT NULL,
  `user_email` varchar(60) DEFAULT NULL,
  `user_firstName` varchar(6) DEFAULT NULL,
  `user_gender` varchar(255) DEFAULT NULL,
  `user_lastName` varchar(16) DEFAULT NULL,
  `user_loginName` varchar(30) DEFAULT NULL,
  `user_nation` varchar(5) DEFAULT NULL,
  `user_password` varchar(30) DEFAULT NULL,
  `user_phone` varchar(30) DEFAULT NULL,
  `user_realName` varchar(9) DEFAULT NULL,
  `user_myName` varchar(60) DEFAULT NULL,
  PRIMARY KEY (`id`)
) ENGINE=InnoDB DEFAULT CHARSET=utf8;

/*Data for the table `qin_user7` */

/*Table structure for table `qin_user_join_country7` */

DROP TABLE IF EXISTS `qin_user_join_country7`;

CREATE TABLE `qin_user_join_country7` (
  `userCountry_id` bigint(20) DEFAULT NULL,
  `id` int(11) NOT NULL,
  PRIMARY KEY (`id`),
  KEY `FK_dw4ng9tmns72cc5d3ahmm29fx` (`userCountry_id`),
  CONSTRAINT `FK_4a3o4n3yfohxdoyh7vd8sn1tl` FOREIGN KEY (`id`) REFERENCES `qin_user7` (`id`),
  CONSTRAINT `FK_dw4ng9tmns72cc5d3ahmm29fx` FOREIGN KEY (`userCountry_id`) REFERENCES `qin_usercountry7` (`id`)
) ENGINE=InnoDB DEFAULT CHARSET=utf8;

/*Data for the table `qin_user_join_country7` */

/*Table structure for table `qin_usercountry7` */

DROP TABLE IF EXISTS `qin_usercountry7`;

CREATE TABLE `qin_usercountry7` (
  `id` bigint(20) NOT NULL AUTO_INCREMENT,
  `country_name` varchar(255) DEFAULT NULL,
  PRIMARY KEY (`id`)
) ENGINE=InnoDB AUTO_INCREMENT=712 DEFAULT CHARSET=utf8;

/*Data for the table `qin_usercountry7` */

insert  into `qin_usercountry7`(`id`,`country_name`) values (1,'东城区'),(2,'西城区'),(3,'朝阳区'),(4,'海淀区'),(5,'石景山'),(6,'门头沟'),(7,'丰台区'),(8,'房山区'),(9,'大兴区'),(10,'通州区'),(11,'顺义区'),(12,'平谷区'),(13,'昌平区'),(14,'怀柔区'),(15,'延庆县'),(16,'密云县'),(17,'北京'),(18,'浦东新区'),(19,'徐汇区'),(20,'长宁区'),(21,'普陀区'),(22,'闸北区'),(23,'虹口区'),(24,'杨浦区'),(25,'黄浦区'),(26,'静安区'),(27,'宝山区'),(28,'闵行区'),(29,'嘉定区'),(30,'金山区'),(31,'松江区'),(32,'青浦区'),(33,'奉贤区'),(34,'崇明县'),(35,'上海'),(36,'白云区'),(37,'天河区'),(38,'越秀区'),(39,'海珠区'),(40,'黄埔区'),(41,'荔湾区'),(42,'番禺区'),(43,'花都区'),(44,'萝岗区'),(45,'南沙区'),(46,'从化区'),(47,'增城区'),(48,'广州'),(49,'罗湖区'),(50,'福田区'),(51,'南山区'),(52,'宝安区'),(53,'龙岗区'),(54,'盐田区'),(55,'光明新区'),(56,'坪山新区'),(57,'大鹏新区'),(58,'龙华新区'),(59,'深圳'),(60,'和平区'),(61,'河东区'),(62,'河西区'),(63,'南开区'),(64,'河北区'),(65,'红桥区'),(66,'塘沽区'),(67,'汉沽区'),(68,'大港区'),(69,'东丽区'),(70,'西青区'),(71,'津南区'),(72,'北辰区'),(73,'武清区'),(74,'宝坻区'),(75,'宁河县'),(76,'静海县'),(77,'蓟　县'),(78,'开发区'),(79,'滨海区'),(80,'天津'),(81,'金阊区'),(82,'沧浪区'),(83,'平江区'),(84,'工业园'),(85,'高新区'),(86,'吴中区'),(87,'相城区'),(88,'张家港'),(89,'常熟市'),(90,'太仓市'),(91,'昆山市'),(92,'吴江市'),(93,'虎丘区'),(94,'玉山镇'),(95,'巴城镇'),(96,'周市镇'),(97,'陆家镇'),(98,'花桥镇'),(99,'淀山湖'),(100,'张浦镇'),(101,'周庄镇'),(102,'千灯镇'),(103,'锦溪镇'),(104,'开发区'),(105,'苏州'),(106,'渝中区'),(107,'江北区'),(108,'南岸区'),(109,'沙坪坝'),(110,'九龙坡'),(111,'大渡口'),(112,'北碚区'),(113,'巴南区'),(114,'渝北区'),(115,'永川区'),(116,'涪陵区'),(117,'合川区'),(118,'江津区'),(119,'长寿区'),(120,'南川区'),(121,'万州区'),(122,'黔江区'),(123,'綦江区'),(124,'潼南县'),(125,'铜梁区'),(126,'大足区'),(127,'荣昌县'),(128,'璧山区'),(129,'垫江县'),(130,'武隆县'),(131,'丰都县'),(132,'城口县'),(133,'梁平县'),(134,'开县'),(135,'巫溪县'),(136,'巫山县'),(137,'奉节县'),(138,'云阳县'),(139,'忠县'),(140,'石柱'),(141,'彭水县'),(142,'酉阳县'),(143,'石柱县'),(144,'秀山县'),(145,'重庆'),(146,'玄武区'),(147,'白下区'),(148,'秦淮区'),(149,'建邺区'),(150,'鼓楼区'),(151,'下关区'),(152,'浦口区'),(153,'六合区'),(154,'栖霞区'),(155,'雨花台'),(156,'江宁区'),(157,'溧水县'),(158,'高淳县'),(159,'大厂区'),(160,'南京'),(161,'上城区'),(162,'下城区'),(163,'拱墅区'),(164,'西湖区'),(165,'江干区'),(166,'滨江区'),(167,'萧山区'),(168,'余杭区'),(169,'临安市'),(170,'富阳区'),(171,'建德市'),(172,'桐庐县'),(173,'淳安县'),(174,'市郊'),(175,'杭州'),(176,'西岗区'),(177,'中山区'),(178,'沙河口'),(179,'甘井子'),(180,'旅顺口'),(181,'金州区'),(182,'瓦房店'),(183,'普兰店'),(184,'庄河市'),(185,'普湾区'),(186,'长海县'),(187,'新区'),(188,'开发区'),(189,'大连'),(190,'成华区'),(191,'武侯区'),(192,'青羊区'),(193,'锦江区'),(194,'金牛区'),(195,'龙泉驿'),(196,'青白江'),(197,'新都区'),(198,'双流县'),(199,'郫县'),(200,'温江区'),(201,'大邑县'),(202,'金堂县'),(203,'蒲江县'),(204,'新津县'),(205,'温江区'),(206,'高新区'),(207,'高新西'),(208,'都江堰'),(209,'彭州市'),(210,'邛崃市'),(211,'崇州市'),(212,'成都'),(213,'江岸区'),(214,'江汉区'),(215,'硚口区'),(216,'汉阳区'),(217,'武昌区'),(218,'青山区'),(219,'洪山区'),(220,'蔡甸区'),(221,'江夏区'),(222,'黄陂区'),(223,'新洲区'),(224,'东西湖'),(225,'汉南区'),(226,'开发区'),(227,'武汉'),(228,'广州'),(229,'潮州'),(230,'东莞'),(231,'佛山'),(232,'惠州'),(233,'清远'),(234,'汕头'),(235,'深圳'),(236,'顺德'),(237,'湛江'),(238,'肇庆'),(239,'中山'),(240,'珠海'),(241,'江门'),(242,'阳江'),(243,'韶关'),(244,'茂名'),(245,'梅州'),(246,'汕尾'),(247,'河源'),(248,'揭阳'),(249,'云浮'),(250,'开平'),(251,'台山'),(252,'普宁'),(253,'南沙'),(254,'龙川'),(255,'鹤山'),(256,'广东'),(257,'福州'),(258,'泉州'),(259,'厦门'),(260,'漳州'),(261,'莆田'),(262,'三明'),(263,'南平'),(264,'龙岩'),(265,'宁德'),(266,'泉港区'),(267,'福安'),(268,'晋江'),(269,'福建'),(270,'合肥'),(271,'安庆'),(272,'蚌埠'),(273,'芜湖'),(274,'淮南'),(275,'马鞍山'),(276,'淮北'),(277,'铜陵'),(278,'黄山'),(279,'滁州'),(280,'阜阳'),(281,'宿州'),(282,'六安'),(283,'亳州'),(284,'池州'),(285,'宣城'),(286,'巢湖'),(287,'凤阳'),(288,'广德'),(289,'宿松'),(290,'安徽'),(291,'南京'),(292,'常熟'),(293,'常州'),(294,'昆山'),(295,'连云港'),(296,'南通'),(297,'苏州'),(298,'太仓'),(299,'无锡'),(300,'徐州'),(301,'扬州'),(302,'镇江'),(303,'淮安'),(304,'盐城'),(305,'泰州'),(306,'宿迁'),(307,'张家港'),(308,'江阴'),(309,'丹阳'),(310,'溧阳'),(311,'泰兴'),(312,'宜兴'),(313,'靖江'),(314,'句容'),(315,'如皋'),(316,'扬中'),(317,'高邮'),(318,'启东'),(319,'盱眙'),(320,'通州'),(321,'金湖'),(322,'江苏'),(323,'杭州'),(324,'宁波'),(325,'温州'),(326,'绍兴'),(327,'金华'),(328,'台州'),(329,'湖州'),(330,'嘉兴'),(331,'衢州'),(332,'丽水'),(333,'舟山'),(334,'义乌'),(335,'海宁'),(336,'玉环县'),(337,'平湖'),(338,'永康'),(339,'东阳'),(340,'嘉善'),(341,'余姚'),(342,'慈溪'),(343,'乐清'),(344,'永嘉'),(345,'桐乡'),(346,'瑞安'),(347,'温岭'),(348,'上虞'),(349,'诸暨'),(350,'宁海'),(351,'三门'),(352,'德清'),(353,'象山'),(354,'方家山'),(355,'龙泉'),(356,'浙江'),(357,'南宁'),(358,'北海'),(359,'桂林'),(360,'柳州'),(361,'玉林'),(362,'梧州'),(363,'崇左'),(364,'来宾'),(365,'防城港'),(366,'百色'),(367,'钦州'),(368,'贺州'),(369,'河池'),(370,'贵港'),(371,'广西'),(372,'贵阳'),(373,'遵义'),(374,'六盘水'),(375,'安顺'),(376,'毕节'),(377,'铜仁'),(378,'黔西南'),(379,'黔东南'),(380,'黔南'),(381,'贵州'),(382,'海口'),(383,'三亚'),(384,'三沙'),(385,'文昌'),(386,'琼海'),(387,'万宁'),(388,'儋州'),(389,'东方'),(390,'五指山'),(391,'定安'),(392,'屯昌'),(393,'澄迈'),(394,'临高'),(395,'琼中'),(396,'保亭'),(397,'白沙'),(398,'昌江'),(399,'乐东'),(400,'陵水'),(401,'海南'),(402,'石家庄'),(403,'保定'),(404,'承德'),(405,'邯郸'),(406,'廊坊'),(407,'秦皇岛'),(408,'唐山'),(409,'张家口'),(410,'邢台'),(411,'沧州'),(412,'衡水'),(413,'燕郊'),(414,'固安'),(415,'遵化'),(416,'香河'),(417,'三河'),(418,'河北'),(419,'郑州'),(420,'开封'),(421,'洛阳'),(422,'商丘'),(423,'安阳'),(424,'平顶山'),(425,'新乡'),(426,'焦作'),(427,'濮阳'),(428,'许昌'),(429,'漯河'),(430,'三门峡'),(431,'鹤壁'),(432,'周口'),(433,'驻马店'),(434,'南阳'),(435,'信阳'),(436,'济源'),(437,'西平'),(438,'长葛'),(439,'河南'),(440,'哈尔滨'),(441,'大庆'),(442,'佳木斯'),(443,'牡丹江'),(444,'齐齐哈尔'),(445,'鸡西'),(446,'鹤岗'),(447,'双鸭山'),(448,'伊春'),(449,'七台河'),(450,'黑河'),(451,'绥化'),(452,'大兴安岭'),(453,'安达'),(454,'双城'),(455,'尚志'),(456,'绥芬河'),(457,'肇东'),(458,'黑龙江'),(459,'武汉'),(460,'十堰'),(461,'襄阳'),(462,'宜昌'),(463,'潜江'),(464,'荆门'),(465,'荆州'),(466,'黄石'),(467,'鄂州'),(468,'黄冈'),(469,'孝感'),(470,'咸宁'),(471,'随州'),(472,'仙桃'),(473,'天门'),(474,'神农架'),(475,'恩施'),(476,'公安'),(477,'武穴'),(478,'宜城'),(479,'湖北'),(480,'长沙'),(481,'湘潭'),(482,'株洲'),(483,'常德'),(484,'衡阳'),(485,'益阳'),(486,'郴州'),(487,'岳阳'),(488,'邵阳'),(489,'张家界'),(490,'娄底'),(491,'永州'),(492,'怀化'),(493,'湘西'),(494,'湖南'),(495,'长春'),(496,'吉林市'),(497,'四平'),(498,'辽源'),(499,'通化'),(500,'白山'),(501,'松原'),(502,'白城'),(503,'延吉'),(504,'延边'),(505,'公主岭'),(506,'吉林'),(507,'南昌'),(508,'九江'),(509,'赣州'),(510,'宜春'),(511,'吉安'),(512,'上饶'),(513,'抚州'),(514,'景德镇'),(515,'萍乡'),(516,'新余'),(517,'鹰潭'),(518,'江西'),(519,'沈阳'),(520,'鞍山'),(521,'大连'),(522,'葫芦岛'),(523,'抚顺'),(524,'本溪'),(525,'丹东'),(526,'锦州'),(527,'营口'),(528,'阜新'),(529,'辽阳'),(530,'盘锦'),(531,'铁岭'),(532,'朝阳'),(533,'兴城'),(534,'海城'),(535,'昌图'),(536,'开原'),(537,'辽宁'),(538,'呼和浩特'),(539,'包头'),(540,'赤峰'),(541,'鄂尔多斯'),(542,'乌海'),(543,'通辽'),(544,'呼伦贝尔'),(545,'巴彦淖尔'),(546,'乌兰察布'),(547,'兴安盟'),(548,'锡林郭勒盟'),(549,'阿拉善盟'),(550,'乌审旗'),(551,'满洲里'),(552,'内蒙古'),(553,'银川'),(554,'石嘴山'),(555,'吴忠'),(556,'固原'),(557,'中卫'),(558,'宁夏'),(559,'西宁'),(560,'海东'),(561,'海西'),(562,'海北'),(563,'黄南'),(564,'海南'),(565,'果洛'),(566,'玉树'),(567,'青海'),(568,'济南'),(569,'德州'),(570,'东营'),(571,'济宁'),(572,'临沂'),(573,'青岛'),(574,'日照'),(575,'泰安'),(576,'威海'),(577,'潍坊'),(578,'烟台'),(579,'淄博'),(580,'枣庄'),(581,'滨州'),(582,'聊城'),(583,'菏泽'),(584,'莱芜'),(585,'荣成'),(586,'黄岛'),(587,'乳山'),(588,'城阳'),(589,'即墨'),(590,'肥城'),(591,'兖州'),(592,'海阳'),(593,'胶州'),(594,'胶南'),(595,'平度'),(596,'莱西'),(597,'山东'),(598,'太原'),(599,'大同'),(600,'临汾'),(601,'运城'),(602,'长治'),(603,'阳泉'),(604,'晋城'),(605,'朔州'),(606,'晋中'),(607,'忻州'),(608,'吕梁'),(609,'永济'),(610,'和顺'),(611,'山西'),(612,'西安'),(613,'宝鸡'),(614,'咸阳'),(615,'铜川'),(616,'渭南'),(617,'汉中'),(618,'安康'),(619,'商洛'),(620,'延安'),(621,'榆林'),(622,'杨凌'),(623,'兴平'),(624,'陕西'),(625,'成都'),(626,'乐山'),(627,'泸州'),(628,'绵阳'),(629,'内江'),(630,'宜宾'),(631,'自贡'),(632,'攀枝花'),(633,'德阳'),(634,'广元'),(635,'遂宁'),(636,'南充'),(637,'眉山'),(638,'广安'),(639,'达州'),(640,'雅安'),(641,'巴中'),(642,'资阳'),(643,'西昌'),(644,'甘孜'),(645,'阿坝'),(646,'凉山'),(647,'峨眉'),(648,'简阳'),(649,'四川'),(650,'拉萨'),(651,'日喀则'),(652,'林芝'),(653,'山南'),(654,'昌都'),(655,'那曲'),(656,'阿里'),(657,'西藏'),(658,'乌鲁木齐'),(659,'喀什'),(660,'克拉玛依'),(661,'伊犁'),(662,'阿克苏'),(663,'哈密'),(664,'石河子'),(665,'阿拉尔'),(666,'五家渠'),(667,'图木舒克'),(668,'昌吉'),(669,'阿勒泰'),(670,'吐鲁番'),(671,'塔城'),(672,'和田'),(673,'巴音郭楞'),(674,'博尔塔拉'),(675,'奎屯市'),(676,'乌苏'),(677,'克州'),(678,'新疆'),(679,'昆明'),(680,'大理'),(681,'丽江'),(682,'玉溪'),(683,'曲靖'),(684,'保山'),(685,'昭通'),(686,'普洱'),(687,'临沧'),(688,'红河'),(689,'文山'),(690,'西双版纳'),(691,'德宏'),(692,'楚雄'),(693,'怒江'),(694,'迪庆'),(695,'思茅'),(696,'云南'),(697,'兰州'),(698,'嘉峪关'),(699,'酒泉'),(700,'金昌'),(701,'白银'),(702,'天水'),(703,'张掖'),(704,'武威'),(705,'定西'),(706,'陇南'),(707,'平凉'),(708,'庆阳'),(709,'临夏'),(710,'甘南'),(711,'甘肃');

/*Table structure for table `qin_usercountry_children_set7` */

DROP TABLE IF EXISTS `qin_usercountry_children_set7`;

CREATE TABLE `qin_usercountry_children_set7` (
  `qin_userCountry7_id` bigint(20) NOT NULL,
  `childrenSet_id` bigint(20) NOT NULL,
  PRIMARY KEY (`qin_userCountry7_id`,`childrenSet_id`),
  UNIQUE KEY `UK_tbju1xdh77a0tqay37vkd3cu1` (`childrenSet_id`),
  CONSTRAINT `FK_1r28ww00k89v80g2j7hqtcrng` FOREIGN KEY (`qin_userCountry7_id`) REFERENCES `qin_usercountry7` (`id`),
  CONSTRAINT `FK_tbju1xdh77a0tqay37vkd3cu1` FOREIGN KEY (`childrenSet_id`) REFERENCES `qin_usercountry7` (`id`)
) ENGINE=InnoDB DEFAULT CHARSET=utf8;

/*Data for the table `qin_usercountry_children_set7` */

insert  into `qin_usercountry_children_set7`(`qin_userCountry7_id`,`childrenSet_id`) values (17,1),(17,2),(17,3),(17,4),(17,5),(17,6),(17,7),(17,8),(17,9),(17,10),(17,11),(17,12),(17,13),(17,14),(17,15),(17,16),(35,18),(35,19),(35,20),(35,21),(35,22),(35,23),(35,24),(35,25),(35,26),(35,27),(35,28),(35,29),(35,30),(35,31),(35,32),(35,33),(35,34),(48,36),(48,37),(48,38),(48,39),(48,40),(48,41),(48,42),(48,43),(48,44),(48,45),(48,46),(48,47),(59,49),(59,50),(59,51),(59,52),(59,53),(59,54),(59,55),(59,56),(59,57),(59,58),(80,60),(80,61),(80,62),(80,63),(80,64),(80,65),(80,66),(80,67),(80,68),(80,69),(80,70),(80,71),(80,72),(80,73),(80,74),(80,75),(80,76),(80,77),(80,78),(80,79),(105,81),(105,82),(105,83),(105,84),(105,85),(105,86),(105,87),(105,88),(105,89),(105,90),(105,91),(105,92),(105,93),(105,94),(105,95),(105,96),(105,97),(105,98),(105,99),(105,100),(105,101),(105,102),(105,103),(105,104),(145,106),(145,107),(145,108),(145,109),(145,110),(145,111),(145,112),(145,113),(145,114),(145,115),(145,116),(145,117),(145,118),(145,119),(145,120),(145,121),(145,122),(145,123),(145,124),(145,125),(145,126),(145,127),(145,128),(145,129),(145,130),(145,131),(145,132),(145,133),(145,134),(145,135),(145,136),(145,137),(145,138),(145,139),(145,140),(145,141),(145,142),(145,143),(145,144),(160,146),(160,147),(160,148),(160,149),(160,150),(160,151),(160,152),(160,153),(160,154),(160,155),(160,156),(160,157),(160,158),(160,159),(175,161),(175,162),(175,163),(175,164),(175,165),(175,166),(175,167),(175,168),(175,169),(175,170),(175,171),(175,172),(175,173),(175,174),(189,176),(189,177),(189,178),(189,179),(189,180),(189,181),(189,182),(189,183),(189,184),(189,185),(189,186),(189,187),(189,188),(212,190),(212,191),(212,192),(212,193),(212,194),(212,195),(212,196),(212,197),(212,198),(212,199),(212,200),(212,201),(212,202),(212,203),(212,204),(212,205),(212,206),(212,207),(212,208),(212,209),(212,210),(212,211),(227,213),(227,214),(227,215),(227,216),(227,217),(227,218),(227,219),(227,220),(227,221),(227,222),(227,223),(227,224),(227,225),(227,226),(256,228),(256,229),(256,230),(256,231),(256,232),(256,233),(256,234),(256,235),(256,236),(256,237),(256,238),(256,239),(256,240),(256,241),(256,242),(256,243),(256,244),(256,245),(256,246),(256,247),(256,248),(256,249),(256,250),(256,251),(256,252),(256,253),(256,254),(256,255),(269,257),(269,258),(269,259),(269,260),(269,261),(269,262),(269,263),(269,264),(269,265),(269,266),(269,267),(269,268),(290,270),(290,271),(290,272),(290,273),(290,274),(290,275),(290,276),(290,277),(290,278),(290,279),(290,280),(290,281),(290,282),(290,283),(290,284),(290,285),(290,286),(290,287),(290,288),(290,289),(322,291),(322,292),(322,293),(322,294),(322,295),(322,296),(322,297),(322,298),(322,299),(322,300),(322,301),(322,302),(322,303),(322,304),(322,305),(322,306),(322,307),(322,308),(322,309),(322,310),(322,311),(322,312),(322,313),(322,314),(322,315),(322,316),(322,317),(322,318),(322,319),(322,320),(322,321),(356,323),(356,324),(356,325),(356,326),(356,327),(356,328),(356,329),(356,330),(356,331),(356,332),(356,333),(356,334),(356,335),(356,336),(356,337),(356,338),(356,339),(356,340),(356,341),(356,342),(356,343),(356,344),(356,345),(356,346),(356,347),(356,348),(356,349),(356,350),(356,351),(356,352),(356,353),(356,354),(356,355),(371,357),(371,358),(371,359),(371,360),(371,361),(371,362),(371,363),(371,364),(371,365),(371,366),(371,367),(371,368),(371,369),(371,370),(381,372),(381,373),(381,374),(381,375),(381,376),(381,377),(381,378),(381,379),(381,380),(401,382),(401,383),(401,384),(401,385),(401,386),(401,387),(401,388),(401,389),(401,390),(401,391),(401,392),(401,393),(401,394),(401,395),(401,396),(401,397),(401,398),(401,399),(401,400),(418,402),(418,403),(418,404),(418,405),(418,406),(418,407),(418,408),(418,409),(418,410),(418,411),(418,412),(418,413),(418,414),(418,415),(418,416),(418,417),(439,419),(439,420),(439,421),(439,422),(439,423),(439,424),(439,425),(439,426),(439,427),(439,428),(439,429),(439,430),(439,431),(439,432),(439,433),(439,434),(439,435),(439,436),(439,437),(439,438),(458,440),(458,441),(458,442),(458,443),(458,444),(458,445),(458,446),(458,447),(458,448),(458,449),(458,450),(458,451),(458,452),(458,453),(458,454),(458,455),(458,456),(458,457),(479,459),(479,460),(479,461),(479,462),(479,463),(479,464),(479,465),(479,466),(479,467),(479,468),(479,469),(479,470),(479,471),(479,472),(479,473),(479,474),(479,475),(479,476),(479,477),(479,478),(494,480),(494,481),(494,482),(494,483),(494,484),(494,485),(494,486),(494,487),(494,488),(494,489),(494,490),(494,491),(494,492),(494,493),(506,495),(506,496),(506,497),(506,498),(506,499),(506,500),(506,501),(506,502),(506,503),(506,504),(506,505),(518,507),(518,508),(518,509),(518,510),(518,511),(518,512),(518,513),(518,514),(518,515),(518,516),(518,517),(537,519),(537,520),(537,521),(537,522),(537,523),(537,524),(537,525),(537,526),(537,527),(537,528),(537,529),(537,530),(537,531),(537,532),(537,533),(537,534),(537,535),(537,536),(552,538),(552,539),(552,540),(552,541),(552,542),(552,543),(552,544),(552,545),(552,546),(552,547),(552,548),(552,549),(552,550),(552,551),(558,553),(558,554),(558,555),(558,556),(558,557),(567,559),(567,560),(567,561),(567,562),(567,563),(567,564),(567,565),(567,566),(597,568),(597,569),(597,570),(597,571),(597,572),(597,573),(597,574),(597,575),(597,576),(597,577),(597,578),(597,579),(597,580),(597,581),(597,582),(597,583),(597,584),(597,585),(597,586),(597,587),(597,588),(597,589),(597,590),(597,591),(597,592),(597,593),(597,594),(597,595),(597,596),(611,598),(611,599),(611,600),(611,601),(611,602),(611,603),(611,604),(611,605),(611,606),(611,607),(611,608),(611,609),(611,610),(624,612),(624,613),(624,614),(624,615),(624,616),(624,617),(624,618),(624,619),(624,620),(624,621),(624,622),(624,623),(649,625),(649,626),(649,627),(649,628),(649,629),(649,630),(649,631),(649,632),(649,633),(649,634),(649,635),(649,636),(649,637),(649,638),(649,639),(649,640),(649,641),(649,642),(649,643),(649,644),(649,645),(649,646),(649,647),(649,648),(657,650),(657,651),(657,652),(657,653),(657,654),(657,655),(657,656),(678,658),(678,659),(678,660),(678,661),(678,662),(678,663),(678,664),(678,665),(678,666),(678,667),(678,668),(678,669),(678,670),(678,671),(678,672),(678,673),(678,674),(678,675),(678,676),(678,677),(696,679),(696,680),(696,681),(696,682),(696,683),(696,684),(696,685),(696,686),(696,687),(696,688),(696,689),(696,690),(696,691),(696,692),(696,693),(696,694),(696,695),(711,697),(711,698),(711,699),(711,700),(711,701),(711,702),(711,703),(711,704),(711,705),(711,706),(711,707),(711,708),(711,709),(711,710);

/*Table structure for table `qin_usercountry_parent7` */

DROP TABLE IF EXISTS `qin_usercountry_parent7`;

CREATE TABLE `qin_usercountry_parent7` (
  `col_parent_id` bigint(20) DEFAULT NULL,
  `id` bigint(20) NOT NULL,
  PRIMARY KEY (`id`),
  KEY `fk_parent_id` (`col_parent_id`),
  CONSTRAINT `FK_1i20ap5uyw3489ul5x4yx2r6m` FOREIGN KEY (`id`) REFERENCES `qin_usercountry7` (`id`),
  CONSTRAINT `fk_parent_id` FOREIGN KEY (`col_parent_id`) REFERENCES `qin_usercountry7` (`id`)
) ENGINE=InnoDB DEFAULT CHARSET=utf8;

/*Data for the table `qin_usercountry_parent7` */

insert  into `qin_usercountry_parent7`(`col_parent_id`,`id`) values (17,1),(17,2),(17,3),(17,4),(17,5),(17,6),(17,7),(17,8),(17,9),(17,10),(17,11),(17,12),(17,13),(17,14),(17,15),(17,16),(35,18),(35,19),(35,20),(35,21),(35,22),(35,23),(35,24),(35,25),(35,26),(35,27),(35,28),(35,29),(35,30),(35,31),(35,32),(35,33),(35,34),(48,36),(48,37),(48,38),(48,39),(48,40),(48,41),(48,42),(48,43),(48,44),(48,45),(48,46),(48,47),(59,49),(59,50),(59,51),(59,52),(59,53),(59,54),(59,55),(59,56),(59,57),(59,58),(80,60),(80,61),(80,62),(80,63),(80,64),(80,65),(80,66),(80,67),(80,68),(80,69),(80,70),(80,71),(80,72),(80,73),(80,74),(80,75),(80,76),(80,77),(80,78),(80,79),(105,81),(105,82),(105,83),(105,84),(105,85),(105,86),(105,87),(105,88),(105,89),(105,90),(105,91),(105,92),(105,93),(105,94),(105,95),(105,96),(105,97),(105,98),(105,99),(105,100),(105,101),(105,102),(105,103),(105,104),(145,106),(145,107),(145,108),(145,109),(145,110),(145,111),(145,112),(145,113),(145,114),(145,115),(145,116),(145,117),(145,118),(145,119),(145,120),(145,121),(145,122),(145,123),(145,124),(145,125),(145,126),(145,127),(145,128),(145,129),(145,130),(145,131),(145,132),(145,133),(145,134),(145,135),(145,136),(145,137),(145,138),(145,139),(145,140),(145,141),(145,142),(145,143),(145,144),(160,146),(160,147),(160,148),(160,149),(160,150),(160,151),(160,152),(160,153),(160,154),(160,155),(160,156),(160,157),(160,158),(160,159),(175,161),(175,162),(175,163),(175,164),(175,165),(175,166),(175,167),(175,168),(175,169),(175,170),(175,171),(175,172),(175,173),(175,174),(189,176),(189,177),(189,178),(189,179),(189,180),(189,181),(189,182),(189,183),(189,184),(189,185),(189,186),(189,187),(189,188),(212,190),(212,191),(212,192),(212,193),(212,194),(212,195),(212,196),(212,197),(212,198),(212,199),(212,200),(212,201),(212,202),(212,203),(212,204),(212,205),(212,206),(212,207),(212,208),(212,209),(212,210),(212,211),(227,213),(227,214),(227,215),(227,216),(227,217),(227,218),(227,219),(227,220),(227,221),(227,222),(227,223),(227,224),(227,225),(227,226),(256,228),(256,229),(256,230),(256,231),(256,232),(256,233),(256,234),(256,235),(256,236),(256,237),(256,238),(256,239),(256,240),(256,241),(256,242),(256,243),(256,244),(256,245),(256,246),(256,247),(256,248),(256,249),(256,250),(256,251),(256,252),(256,253),(256,254),(256,255),(269,257),(269,258),(269,259),(269,260),(269,261),(269,262),(269,263),(269,264),(269,265),(269,266),(269,267),(269,268),(290,270),(290,271),(290,272),(290,273),(290,274),(290,275),(290,276),(290,277),(290,278),(290,279),(290,280),(290,281),(290,282),(290,283),(290,284),(290,285),(290,286),(290,287),(290,288),(290,289),(322,291),(322,292),(322,293),(322,294),(322,295),(322,296),(322,297),(322,298),(322,299),(322,300),(322,301),(322,302),(322,303),(322,304),(322,305),(322,306),(322,307),(322,308),(322,309),(322,310),(322,311),(322,312),(322,313),(322,314),(322,315),(322,316),(322,317),(322,318),(322,319),(322,320),(322,321),(356,323),(356,324),(356,325),(356,326),(356,327),(356,328),(356,329),(356,330),(356,331),(356,332),(356,333),(356,334),(356,335),(356,336),(356,337),(356,338),(356,339),(356,340),(356,341),(356,342),(356,343),(356,344),(356,345),(356,346),(356,347),(356,348),(356,349),(356,350),(356,351),(356,352),(356,353),(356,354),(356,355),(371,357),(371,358),(371,359),(371,360),(371,361),(371,362),(371,363),(371,364),(371,365),(371,366),(371,367),(371,368),(371,369),(371,370),(381,372),(381,373),(381,374),(381,375),(381,376),(381,377),(381,378),(381,379),(381,380),(401,382),(401,383),(401,384),(401,385),(401,386),(401,387),(401,388),(401,389),(401,390),(401,391),(401,392),(401,393),(401,394),(401,395),(401,396),(401,397),(401,398),(401,399),(401,400),(418,402),(418,403),(418,404),(418,405),(418,406),(418,407),(418,408),(418,409),(418,410),(418,411),(418,412),(418,413),(418,414),(418,415),(418,416),(418,417),(439,419),(439,420),(439,421),(439,422),(439,423),(439,424),(439,425),(439,426),(439,427),(439,428),(439,429),(439,430),(439,431),(439,432),(439,433),(439,434),(439,435),(439,436),(439,437),(439,438),(458,440),(458,441),(458,442),(458,443),(458,444),(458,445),(458,446),(458,447),(458,448),(458,449),(458,450),(458,451),(458,452),(458,453),(458,454),(458,455),(458,456),(458,457),(479,459),(479,460),(479,461),(479,462),(479,463),(479,464),(479,465),(479,466),(479,467),(479,468),(479,469),(479,470),(479,471),(479,472),(479,473),(479,474),(479,475),(479,476),(479,477),(479,478),(494,480),(494,481),(494,482),(494,483),(494,484),(494,485),(494,486),(494,487),(494,488),(494,489),(494,490),(494,491),(494,492),(494,493),(506,495),(506,496),(506,497),(506,498),(506,499),(506,500),(506,501),(506,502),(506,503),(506,504),(506,505),(518,507),(518,508),(518,509),(518,510),(518,511),(518,512),(518,513),(518,514),(518,515),(518,516),(518,517),(537,519),(537,520),(537,521),(537,522),(537,523),(537,524),(537,525),(537,526),(537,527),(537,528),(537,529),(537,530),(537,531),(537,532),(537,533),(537,534),(537,535),(537,536),(552,538),(552,539),(552,540),(552,541),(552,542),(552,543),(552,544),(552,545),(552,546),(552,547),(552,548),(552,549),(552,550),(552,551),(558,553),(558,554),(558,555),(558,556),(558,557),(567,559),(567,560),(567,561),(567,562),(567,563),(567,564),(567,565),(567,566),(597,568),(597,569),(597,570),(597,571),(597,572),(597,573),(597,574),(597,575),(597,576),(597,577),(597,578),(597,579),(597,580),(597,581),(597,582),(597,583),(597,584),(597,585),(597,586),(597,587),(597,588),(597,589),(597,590),(597,591),(597,592),(597,593),(597,594),(597,595),(597,596),(611,598),(611,599),(611,600),(611,601),(611,602),(611,603),(611,604),(611,605),(611,606),(611,607),(611,608),(611,609),(611,610),(624,612),(624,613),(624,614),(624,615),(624,616),(624,617),(624,618),(624,619),(624,620),(624,621),(624,622),(624,623),(649,625),(649,626),(649,627),(649,628),(649,629),(649,630),(649,631),(649,632),(649,633),(649,634),(649,635),(649,636),(649,637),(649,638),(649,639),(649,640),(649,641),(649,642),(649,643),(649,644),(649,645),(649,646),(649,647),(649,648),(657,650),(657,651),(657,652),(657,653),(657,654),(657,655),(657,656),(678,658),(678,659),(678,660),(678,661),(678,662),(678,663),(678,664),(678,665),(678,666),(678,667),(678,668),(678,669),(678,670),(678,671),(678,672),(678,673),(678,674),(678,675),(678,676),(678,677),(696,679),(696,680),(696,681),(696,682),(696,683),(696,684),(696,685),(696,686),(696,687),(696,688),(696,689),(696,690),(696,691),(696,692),(696,693),(696,694),(696,695),(711,697),(711,698),(711,699),(711,700),(711,701),(711,702),(711,703),(711,704),(711,705),(711,706),(711,707),(711,708),(711,709),(711,710);

/*Table structure for table `qin_usercountry_user_set7` */

DROP TABLE IF EXISTS `qin_usercountry_user_set7`;

CREATE TABLE `qin_usercountry_user_set7` (
  `qin_userCountry7_id` bigint(20) NOT NULL,
  `userSet_id` int(11) NOT NULL,
  PRIMARY KEY (`qin_userCountry7_id`,`userSet_id`),
  UNIQUE KEY `UK_92hcobx336gs2smc4huwogoyh` (`userSet_id`),
  CONSTRAINT `FK_92hcobx336gs2smc4huwogoyh` FOREIGN KEY (`userSet_id`) REFERENCES `qin_user7` (`id`),
  CONSTRAINT `FK_eui59i1ivslwgmh2shqhsn5nh` FOREIGN KEY (`qin_userCountry7_id`) REFERENCES `qin_usercountry7` (`id`)
) ENGINE=InnoDB DEFAULT CHARSET=utf8;

/*Data for the table `qin_usercountry_user_set7` */

/*!40101 SET SQL_MODE=@OLD_SQL_MODE */;
/*!40014 SET FOREIGN_KEY_CHECKS=@OLD_FOREIGN_KEY_CHECKS */;
/*!40014 SET UNIQUE_CHECKS=@OLD_UNIQUE_CHECKS */;
/*!40111 SET SQL_NOTES=@OLD_SQL_NOTES */;
